# ************************************************************
# Sequel Pro SQL dump
# Version 4004
#
# http://www.sequelpro.com/
# http://code.google.com/p/sequel-pro/
#
# Host: 127.0.0.1 (MySQL 5.5.25a)
# Database: isbt
# Generation Time: 2013-03-18 21:37:27 +0000
# ************************************************************


/*!40101 SET @OLD_CHARACTER_SET_CLIENT=@@CHARACTER_SET_CLIENT */;
/*!40101 SET @OLD_CHARACTER_SET_RESULTS=@@CHARACTER_SET_RESULTS */;
/*!40101 SET @OLD_COLLATION_CONNECTION=@@COLLATION_CONNECTION */;
/*!40101 SET NAMES utf8 */;
/*!40014 SET @OLD_FOREIGN_KEY_CHECKS=@@FOREIGN_KEY_CHECKS, FOREIGN_KEY_CHECKS=0 */;
/*!40101 SET @OLD_SQL_MODE=@@SQL_MODE, SQL_MODE='NO_AUTO_VALUE_ON_ZERO' */;
/*!40111 SET @OLD_SQL_NOTES=@@SQL_NOTES, SQL_NOTES=0 */;


# Dump of table category
# ------------------------------------------------------------

DROP TABLE IF EXISTS `category`;

CREATE TABLE `category` (
  `id` int(11) unsigned NOT NULL AUTO_INCREMENT,
  `name` varchar(255) NOT NULL DEFAULT '',
  `level` varchar(10) NOT NULL DEFAULT '',
  PRIMARY KEY (`id`)
) ENGINE=InnoDB AUTO_INCREMENT=22 DEFAULT CHARSET=utf8;

LOCK TABLES `category` WRITE;
/*!40000 ALTER TABLE `category` DISABLE KEYS */;

INSERT INTO `category` (`id`, `name`, `level`)
VALUES
	(1,'Ladies Single','A'),
	(3,'Mens Single','A'),
	(4,'Mens Double','A'),
	(5,'Mix Double','A'),
	(6,'Ladies Single','B'),
	(8,'Mens Single','B'),
	(9,'Mens Double','B'),
	(10,'Mix Double','B'),
	(11,'Ladies Single','C'),
	(12,'Ladies Double','C'),
	(13,'Mens Single','C'),
	(14,'Mens Double','C'),
	(15,'Mix Double','C'),
	(16,'Ladies Single','D'),
	(21,'Mix Double','D');

/*!40000 ALTER TABLE `category` ENABLE KEYS */;
UNLOCK TABLES;


# Dump of table court
# ------------------------------------------------------------

DROP TABLE IF EXISTS `court`;

CREATE TABLE `court` (
  `id` int(11) unsigned NOT NULL AUTO_INCREMENT,
  `number` int(11) NOT NULL,
  `locked` int(11) NOT NULL,
  PRIMARY KEY (`id`)
) ENGINE=InnoDB AUTO_INCREMENT=16 DEFAULT CHARSET=utf8;

LOCK TABLES `court` WRITE;
/*!40000 ALTER TABLE `court` DISABLE KEYS */;

INSERT INTO `court` (`id`, `number`, `locked`)
VALUES
	(3,3,0),
	(6,6,0),
	(10,10,0),
	(11,11,0),
	(12,12,0),
	(13,13,0),
	(14,14,0),
	(15,15,0);

/*!40000 ALTER TABLE `court` ENABLE KEYS */;
UNLOCK TABLES;


# Dump of table match
# ------------------------------------------------------------

DROP TABLE IF EXISTS `match`;

CREATE TABLE `match` (
  `id` int(11) unsigned NOT NULL AUTO_INCREMENT,
  `team1` int(11) NOT NULL,
  `team2` int(11) NOT NULL,
  `round` int(11) NOT NULL,
  `status` int(11) NOT NULL,
  `team1_set1_score` int(11) DEFAULT NULL,
  `team1_set2_score` int(11) DEFAULT NULL,
  `team1_set3_score` int(11) DEFAULT NULL,
  `team2_set1_score` int(11) DEFAULT NULL,
  `team2_set2_score` int(11) DEFAULT NULL,
  `team2_set3_score` int(11) DEFAULT NULL,
  `start_time` datetime DEFAULT NULL,
  `end_time` datetime DEFAULT NULL,
  `court` int(11) DEFAULT NULL,
  PRIMARY KEY (`id`)
) ENGINE=InnoDB AUTO_INCREMENT=408 DEFAULT CHARSET=utf8;

LOCK TABLES `match` WRITE;
/*!40000 ALTER TABLE `match` DISABLE KEYS */;

INSERT INTO `match` (`id`, `team1`, `team2`, `round`, `status`, `team1_set1_score`, `team1_set2_score`, `team1_set3_score`, `team2_set1_score`, `team2_set2_score`, `team2_set3_score`, `start_time`, `end_time`, `court`)
VALUES
	(1,1,2,1,4,21,13,0,18,21,0,'2013-03-16 10:39:27','2013-03-16 11:10:44',NULL),
	(2,3,4,1,4,21,20,0,16,21,0,'2013-03-16 10:39:38','2013-03-16 11:10:23',NULL),
	(3,5,6,1,4,4,7,0,21,21,0,'2013-03-16 10:39:40','2013-03-16 11:10:03',NULL),
	(4,7,8,1,4,9,7,0,21,21,0,'2013-03-16 10:39:42','2013-03-16 11:09:46',NULL),
	(5,9,-1,1,4,NULL,NULL,NULL,NULL,NULL,NULL,NULL,NULL,NULL),
	(6,19,20,1,4,21,21,0,14,9,0,'2013-03-16 11:10:51','2013-03-16 11:41:58',NULL),
	(7,21,22,1,4,21,21,0,17,20,0,'2013-03-16 11:11:01','2013-03-16 11:46:26',NULL),
	(8,23,39,1,4,12,11,0,21,21,0,'2013-03-16 11:14:17','2013-03-16 11:42:25',NULL),
	(9,40,41,1,4,21,21,0,12,6,0,'2013-03-16 11:14:27','2013-03-16 11:33:46',NULL),
	(10,42,43,1,4,10,5,0,21,21,0,'2013-03-16 11:14:35','2013-03-16 11:36:08',NULL),
	(11,44,45,1,4,13,10,0,21,21,0,'2013-03-16 11:14:48','2013-03-16 11:47:44',NULL),
	(12,46,47,1,4,21,21,0,16,18,0,'2013-03-16 11:14:58','2013-03-16 11:45:32',NULL),
	(13,48,49,1,4,19,15,0,21,21,0,'2013-03-16 11:15:13','2013-03-16 11:40:01',NULL),
	(14,50,38,1,4,21,18,0,20,21,0,'2013-03-16 11:46:26','2013-03-16 12:21:00',NULL),
	(15,37,36,1,4,21,19,0,9,21,0,'2013-03-16 11:15:26','2013-03-16 11:39:43',NULL),
	(16,24,25,1,4,5,5,0,21,21,0,'2013-03-16 12:07:00','2013-03-16 12:28:31',NULL),
	(17,26,27,1,4,16,9,0,21,21,0,'2013-03-16 11:15:46','2013-03-16 11:45:18',NULL),
	(18,28,29,1,4,13,19,0,21,21,0,'2013-03-16 11:16:01','2013-03-16 11:47:43',NULL),
	(19,30,31,1,4,21,21,0,10,8,0,'2013-03-16 11:47:02','2013-03-16 12:16:18',NULL),
	(20,32,33,1,4,21,21,0,13,12,0,'2013-03-16 11:16:25','2013-03-16 11:47:51',NULL),
	(21,34,35,1,4,15,14,0,21,21,0,'2013-03-16 11:16:39','2013-03-16 11:39:50',NULL),
	(22,51,-1,1,4,NULL,NULL,NULL,NULL,NULL,NULL,NULL,NULL,NULL),
	(23,56,57,1,4,21,21,0,16,15,0,'2013-03-16 11:24:42','2013-03-16 11:53:20',NULL),
	(24,58,59,1,4,21,21,0,10,11,0,'2013-03-16 11:25:12','2013-03-16 11:50:32',NULL),
	(25,60,61,1,4,7,8,0,21,21,0,'2013-03-16 11:46:46','2013-03-16 12:08:28',NULL),
	(26,62,63,1,4,16,21,0,21,20,0,'2013-03-16 11:33:29','2013-03-16 12:03:24',NULL),
	(27,64,74,1,4,21,13,0,17,21,0,'2013-03-16 11:48:10','2013-03-16 12:10:17',NULL),
	(28,73,72,1,4,21,20,0,18,21,0,'2013-03-16 11:40:10','2013-03-16 12:06:53',NULL),
	(29,71,70,1,4,21,21,0,17,14,0,'2013-03-16 11:48:25','2013-03-16 12:16:29',NULL),
	(30,69,68,1,4,21,19,0,19,21,0,'2013-03-16 12:22:05','2013-03-16 12:51:10',NULL),
	(31,67,66,1,4,21,21,0,12,7,0,'2013-03-16 11:48:42','2013-03-16 12:20:26',NULL),
	(32,65,75,1,4,21,21,0,12,10,0,'2013-03-16 11:40:30','2013-03-16 12:06:31',NULL),
	(33,76,85,1,4,12,19,0,21,21,0,'2013-03-16 12:31:58','2013-03-16 13:03:08',NULL),
	(34,84,83,1,4,12,8,0,21,21,0,'2013-03-16 12:08:41','2013-03-16 12:31:13',NULL),
	(35,82,81,1,4,21,21,0,20,20,0,'2013-03-16 12:23:32','2013-03-16 12:55:21',NULL),
	(36,80,79,1,4,13,18,0,21,21,0,'2013-03-16 12:25:03','2013-03-16 12:55:40',NULL),
	(37,78,77,1,4,21,21,0,15,13,0,'2013-03-16 12:33:44','2013-03-16 12:59:52',NULL),
	(38,86,-1,1,4,NULL,NULL,NULL,NULL,NULL,NULL,NULL,NULL,NULL),
	(39,87,96,1,4,21,15,0,20,21,0,'2013-03-16 11:42:42','2013-03-16 12:13:37',NULL),
	(40,95,94,1,4,17,21,0,21,16,0,'2013-03-16 11:42:56','2013-03-16 12:24:11',NULL),
	(41,93,92,1,4,21,20,0,8,21,0,'2013-03-16 11:43:10','2013-03-16 12:12:31',NULL),
	(42,91,90,1,4,14,11,0,21,21,0,'2013-03-16 11:43:23','2013-03-16 12:26:35',NULL),
	(43,89,88,1,4,13,20,0,21,21,0,'2013-03-16 11:51:10','2013-03-16 12:23:20',NULL),
	(44,97,-1,1,4,NULL,NULL,NULL,NULL,NULL,NULL,NULL,NULL,NULL),
	(45,98,110,1,4,18,7,0,21,21,0,'2013-03-16 13:06:25','2013-03-16 13:34:26',NULL),
	(46,109,108,1,4,21,21,0,16,18,0,'2013-03-16 11:58:46','2013-03-16 12:30:52',NULL),
	(47,107,106,1,4,12,21,0,21,14,0,'2013-03-16 12:03:35','2013-03-16 12:40:29',NULL),
	(48,105,104,1,4,21,21,0,12,11,0,'2013-03-16 12:07:12','2013-03-16 12:35:36',NULL),
	(49,102,-1,1,4,NULL,NULL,NULL,NULL,NULL,NULL,NULL,NULL,NULL),
	(50,101,100,1,4,17,21,0,21,20,0,'2013-03-16 12:21:30','2013-03-16 12:51:18',NULL),
	(51,99,111,1,4,19,17,0,21,21,0,'2013-03-16 12:16:58','2013-03-16 12:55:26',NULL),
	(52,113,122,1,4,18,16,0,21,21,0,'2013-03-16 12:54:06','2013-03-16 13:28:42',NULL),
	(53,121,120,1,4,5,21,0,21,18,0,'2013-03-16 12:55:55','2013-03-16 13:24:47',NULL),
	(54,119,118,1,4,16,21,0,21,17,0,'2013-03-16 12:45:47','2013-03-16 13:17:29',NULL),
	(55,117,116,1,4,21,15,0,15,21,0,'2013-03-16 12:43:46','2013-03-16 13:21:07',NULL),
	(56,115,114,1,4,21,21,0,16,13,0,'2013-03-16 12:51:33','2013-03-16 13:23:04',NULL),
	(57,123,-1,1,4,NULL,NULL,NULL,NULL,NULL,NULL,NULL,NULL,NULL),
	(58,124,125,1,4,21,21,0,12,11,0,'2013-03-16 12:18:21','2013-03-16 12:56:45',NULL),
	(59,126,127,1,4,10,13,0,21,21,0,'2013-03-16 12:51:45','2013-03-16 13:24:30',NULL),
	(60,128,129,1,4,21,21,0,12,12,0,'2013-03-16 12:26:53','2013-03-16 12:51:15',NULL),
	(61,130,-1,1,4,NULL,NULL,NULL,NULL,NULL,NULL,NULL,NULL,NULL),
	(62,131,132,1,4,17,17,0,21,21,0,'2013-03-16 12:14:40','2013-03-16 12:48:40',NULL),
	(63,133,134,1,4,21,18,0,18,21,0,'2013-03-16 12:15:10','2013-03-16 12:47:46',NULL),
	(64,135,136,1,4,21,18,0,17,21,0,'2013-03-16 12:28:43','2013-03-16 12:33:25',NULL),
	(65,137,-1,1,4,NULL,NULL,NULL,NULL,NULL,NULL,NULL,NULL,NULL),
	(66,138,139,1,4,21,21,0,16,19,0,'2013-03-16 12:30:57','2013-03-16 13:08:37',NULL),
	(67,140,141,1,4,21,17,0,10,21,0,'2013-03-16 12:34:55','2013-03-16 13:13:32',NULL),
	(68,142,143,1,4,15,21,0,21,9,0,'2013-03-16 12:45:58','2013-03-16 13:28:17',NULL),
	(69,145,-1,1,4,NULL,NULL,NULL,NULL,NULL,NULL,NULL,NULL,NULL),
	(70,153,154,1,4,21,21,0,16,16,0,'2013-03-16 14:09:00','2013-03-16 14:40:44',NULL),
	(71,155,156,1,4,21,11,0,15,21,0,'2013-03-16 13:50:41','2013-03-16 14:27:24',NULL),
	(72,146,147,1,4,21,8,0,16,21,0,'2013-03-16 13:13:50','2013-03-16 13:46:00',NULL),
	(73,148,149,1,4,17,14,0,21,21,0,'2013-03-16 13:20:39','2013-03-16 13:50:44',NULL),
	(74,150,151,1,4,13,21,0,21,20,0,'2013-03-16 13:29:54','2013-03-16 14:05:51',NULL),
	(75,152,-1,1,4,NULL,NULL,NULL,NULL,NULL,NULL,NULL,NULL,NULL),
	(76,19,21,2,4,21,21,0,15,18,0,'2013-03-16 12:52:05','2013-03-16 13:24:13',NULL),
	(77,22,20,2,4,21,21,0,18,7,0,'2013-03-16 12:52:34','2013-03-16 13:22:16',NULL),
	(78,6,8,2,4,21,15,0,20,21,0,'2013-03-16 12:56:21','2013-03-16 13:20:28',NULL),
	(79,2,3,2,4,21,17,0,18,21,0,'2013-03-16 13:24:26','2013-03-16 13:30:53',NULL),
	(80,4,1,2,4,21,17,0,16,21,0,'2013-03-16 13:22:41','2013-03-16 13:59:39',NULL),
	(81,9,7,2,4,14,5,0,21,21,0,'2013-03-16 13:51:56','2013-03-16 14:07:56',NULL),
	(82,5,-1,2,4,NULL,NULL,NULL,NULL,NULL,NULL,NULL,NULL,NULL),
	(83,83,78,2,4,18,19,0,21,21,0,'2013-03-16 13:06:54','2013-03-16 13:39:17',NULL),
	(84,85,79,2,4,16,12,0,21,21,0,'2013-03-16 13:07:20','2013-03-16 13:33:04',NULL),
	(85,82,86,2,4,15,14,0,21,21,0,'2013-03-16 13:08:54','2013-03-16 13:40:03',NULL),
	(86,81,80,2,4,9,6,0,21,21,0,'2013-03-16 13:51:11','2013-03-16 14:18:37',NULL),
	(87,76,77,2,4,11,21,0,21,16,0,'2013-03-16 13:21:12','2013-03-16 13:51:14',NULL),
	(88,84,-1,2,4,NULL,NULL,NULL,NULL,NULL,NULL,NULL,NULL,NULL),
	(89,67,65,2,4,21,21,0,10,11,0,'2013-03-16 13:33:10','2013-03-16 14:02:57',NULL),
	(90,71,74,2,4,21,21,0,11,15,0,'2013-03-16 13:23:11','2013-03-16 13:47:22',NULL),
	(91,73,68,2,4,21,21,0,15,8,0,'2013-03-16 14:09:10','2013-03-16 14:29:25',NULL),
	(92,69,72,2,4,17,10,0,21,21,0,'2013-03-16 13:25:27','2013-03-16 13:52:10',NULL),
	(93,64,70,2,4,18,20,0,21,21,0,'2013-03-16 13:52:56','2013-03-16 14:26:34',NULL),
	(94,75,66,2,4,13,14,0,21,21,0,'2013-03-16 14:37:56','2013-03-16 15:07:22',NULL),
	(95,25,43,2,4,21,21,0,16,17,0,'2013-03-16 14:03:55','2013-03-16 14:30:48',NULL),
	(96,40,30,2,4,21,21,0,10,8,0,'2013-03-16 13:17:37','2013-03-16 13:50:19',NULL),
	(97,45,39,2,4,21,18,0,16,21,0,'2013-03-16 13:26:33','2013-03-16 14:02:16',NULL),
	(98,27,32,2,4,6,12,0,21,21,0,'2013-03-16 13:43:38','2013-03-16 14:07:34',NULL),
	(99,35,29,2,4,17,15,0,21,21,0,'2013-03-16 14:19:33','2013-03-16 14:51:04',NULL),
	(100,46,49,2,4,19,21,0,21,20,0,'2013-03-16 13:56:36','2013-03-16 14:40:59',NULL),
	(101,37,38,2,4,21,21,0,12,5,0,'2013-03-16 13:51:43','2013-03-16 14:18:00',NULL),
	(102,50,36,2,4,19,12,0,21,21,0,'2013-03-16 13:31:11','2013-03-16 14:00:20',NULL),
	(103,51,48,2,4,21,21,0,10,11,0,'2013-03-16 14:01:05','2013-03-16 14:37:46',NULL),
	(104,47,28,2,4,21,21,0,9,11,0,'2013-03-16 14:09:21','2013-03-16 14:37:37',NULL),
	(105,34,26,2,4,21,21,0,11,16,0,'2013-03-16 14:26:51','2013-03-16 14:49:00',NULL),
	(106,33,23,2,4,21,21,0,11,10,0,'2013-03-16 14:27:33','2013-03-16 14:51:09',NULL),
	(107,44,41,2,4,21,21,0,8,7,0,'2013-03-16 14:01:23','2013-03-16 14:20:43',NULL),
	(108,31,42,2,4,21,12,0,19,21,0,'2013-03-16 13:31:43','2013-03-16 13:55:55',NULL),
	(109,24,-1,2,4,NULL,NULL,NULL,NULL,NULL,NULL,NULL,NULL,NULL),
	(110,61,58,2,4,21,21,0,17,14,0,'2013-03-16 14:02:38','2013-03-16 14:31:28',NULL),
	(111,56,63,2,4,14,21,0,21,19,0,'2013-03-16 14:19:43','2013-03-16 14:52:17',NULL),
	(112,62,57,2,4,21,15,0,20,21,0,'2013-03-16 13:34:32','2013-03-16 14:07:27',NULL),
	(113,59,60,2,4,16,13,0,21,21,0,'2013-03-16 13:46:34','2013-03-16 14:17:01',NULL),
	(114,124,127,2,4,17,18,0,21,21,0,'2013-03-16 14:10:41','2013-03-16 14:45:00',NULL),
	(115,128,130,2,4,21,21,0,15,19,0,'2013-03-16 13:39:34','2013-03-16 14:10:38',NULL),
	(116,129,125,2,4,12,16,0,21,21,0,'2013-03-16 14:17:32','2013-03-16 14:56:29',NULL),
	(117,126,-1,2,4,NULL,NULL,NULL,NULL,NULL,NULL,NULL,NULL,NULL),
	(118,132,135,2,4,21,20,0,14,21,0,'2013-03-16 14:20:49','2013-03-16 15:00:36',NULL),
	(119,133,136,2,4,20,15,0,21,21,0,'2013-03-16 14:29:30','2013-03-16 15:04:36',NULL),
	(120,134,137,2,4,10,21,0,21,19,0,'2013-03-16 14:08:08','2013-03-16 14:40:40',NULL),
	(121,131,-1,2,4,NULL,NULL,NULL,NULL,NULL,NULL,NULL,NULL,NULL),
	(122,115,122,2,4,21,13,0,15,21,0,'2013-03-16 15:39:52','2013-03-16 15:45:45',NULL),
	(123,120,118,2,4,21,21,0,18,13,0,'2013-03-16 14:30:53','2013-03-16 15:02:26',NULL),
	(124,116,119,2,4,14,14,0,21,21,0,'2013-03-16 15:45:55','2013-03-16 16:26:05',NULL),
	(125,117,121,2,4,21,21,0,19,15,0,'2013-03-16 14:31:29','2013-03-16 15:06:01',NULL),
	(126,123,113,2,4,19,21,0,21,15,0,'2013-03-16 15:41:50','2013-03-16 16:14:06',NULL),
	(127,114,-1,2,4,NULL,NULL,NULL,NULL,NULL,NULL,NULL,NULL,NULL),
	(128,90,88,2,4,21,21,0,18,14,0,'2013-03-16 15:07:28','2013-03-16 15:36:55',NULL),
	(129,93,96,2,4,21,21,0,14,19,0,'2013-03-16 15:02:42','2013-03-16 15:41:19',NULL),
	(130,95,87,2,4,21,21,0,13,16,0,'2013-03-16 14:38:26','2013-03-16 15:10:13',NULL),
	(131,94,92,2,4,21,21,0,19,19,0,'2013-03-16 15:07:41','2013-03-16 15:41:20',NULL),
	(132,97,89,2,4,21,21,0,18,9,0,'2013-03-16 14:39:49','2013-03-16 15:10:34',NULL),
	(133,91,-1,2,4,NULL,NULL,NULL,NULL,NULL,NULL,NULL,NULL,NULL),
	(134,149,147,2,4,21,15,0,19,21,0,'2013-03-16 15:10:17','2013-03-16 15:44:14',NULL),
	(135,151,146,2,4,16,20,0,21,21,0,'2013-03-16 15:07:49','2013-03-16 15:44:48',NULL),
	(136,150,152,2,4,21,19,0,16,21,0,'2013-03-16 15:36:35','2013-03-16 16:15:35',NULL),
	(137,148,-1,2,4,NULL,NULL,NULL,NULL,NULL,NULL,NULL,NULL,NULL),
	(138,138,140,2,4,21,7,0,19,21,0,'2013-03-16 14:40:49','2013-03-16 15:10:09',NULL),
	(139,142,141,2,4,21,21,0,17,15,0,'2013-03-16 14:41:09','2013-03-16 15:19:13',NULL),
	(140,143,145,2,4,21,21,0,12,9,0,'2013-03-16 14:46:03','2013-03-16 15:21:39',NULL),
	(141,139,-1,2,4,NULL,NULL,NULL,NULL,NULL,NULL,NULL,NULL,NULL),
	(142,105,110,2,4,21,17,0,11,21,0,'2013-03-16 15:02:53','2013-03-16 15:58:42',NULL),
	(143,109,111,2,4,21,21,0,12,20,0,'2013-03-16 14:49:09','2013-03-16 15:27:44',NULL),
	(144,100,106,2,4,19,18,0,21,21,0,'2013-03-16 15:10:45','2013-03-16 15:46:13',NULL),
	(145,107,101,2,4,18,20,0,21,21,0,'2013-03-16 15:11:52','2013-03-16 15:43:50',NULL),
	(146,102,99,2,4,21,21,0,19,15,0,'2013-03-16 15:19:36','2013-03-16 15:24:48',NULL),
	(147,108,98,2,4,21,21,0,15,16,0,'2013-03-16 14:57:09','2013-03-16 15:39:39',NULL),
	(148,104,-1,2,4,NULL,NULL,NULL,NULL,NULL,NULL,NULL,NULL,NULL),
	(149,153,156,2,4,18,21,0,21,11,0,'2013-03-16 16:16:25','2013-03-16 17:02:29',NULL),
	(150,155,154,2,4,21,21,0,16,18,0,'2013-03-16 16:26:35','2013-03-16 17:00:46',NULL),
	(151,19,22,3,4,21,21,0,11,9,0,'2013-03-16 14:57:25','2013-03-16 15:22:57',NULL),
	(152,21,20,3,4,13,20,0,21,21,0,'2013-03-16 14:57:42','2013-03-16 15:28:00',NULL),
	(153,8,3,3,4,21,21,0,19,16,0,'2013-03-16 14:57:54','2013-03-16 15:31:44',NULL),
	(154,6,2,3,4,11,8,0,21,21,0,'2013-03-16 15:33:56','2013-03-16 16:03:18',NULL),
	(155,4,7,3,4,21,21,0,7,7,0,'2013-03-16 15:36:59','2013-03-16 16:02:59',NULL),
	(156,1,-1,3,4,NULL,NULL,NULL,NULL,NULL,NULL,NULL,NULL,NULL),
	(157,9,5,3,4,10,14,0,21,21,0,'2013-03-16 15:43:04','2013-03-16 16:11:03',NULL),
	(158,86,79,3,4,16,20,0,21,21,0,'2013-03-16 15:21:54','2013-03-16 15:52:52',NULL),
	(159,78,80,3,4,16,21,0,21,16,0,'2013-03-16 15:44:05','2013-03-16 16:19:23',NULL),
	(160,83,85,3,4,21,21,0,15,9,0,'2013-03-16 15:28:00','2013-03-16 15:53:19',NULL),
	(161,82,77,3,4,21,21,0,10,19,0,'2013-03-17 09:17:07','2013-03-17 09:49:08',NULL),
	(162,76,84,3,4,19,21,0,21,19,0,'2013-03-16 16:45:41','2013-03-16 17:24:06',NULL),
	(163,81,-1,3,4,NULL,NULL,NULL,NULL,NULL,NULL,NULL,NULL,NULL),
	(164,67,71,3,4,6,14,0,21,21,0,'2013-03-16 16:29:38','2013-03-16 16:57:10',NULL),
	(165,73,65,3,4,21,21,0,8,18,0,'2013-03-16 15:59:58','2013-03-16 16:35:02',NULL),
	(166,72,70,3,4,21,21,0,5,11,0,'2013-03-17 10:56:21','2013-03-17 11:18:55',NULL),
	(167,66,64,3,4,21,20,0,20,21,0,'2013-03-17 08:34:35','2013-03-17 08:34:52',NULL),
	(168,74,69,3,4,21,21,0,14,14,0,'2013-03-16 15:25:23','2013-03-16 15:59:39',NULL),
	(169,68,75,3,4,21,21,0,4,15,0,'2013-03-16 15:34:32','2013-03-16 16:02:17',NULL),
	(170,40,51,3,4,20,19,0,21,21,0,'2013-03-17 10:29:03','2013-03-17 10:55:30',NULL),
	(171,25,32,3,4,21,21,0,16,17,0,'2013-03-17 09:17:30','2013-03-17 09:54:24',NULL),
	(172,29,37,3,4,21,13,0,14,21,0,'2013-03-16 16:22:29','2013-03-16 16:54:15',NULL),
	(173,45,49,3,4,21,21,0,12,14,0,'2013-03-16 15:44:28','2013-03-16 16:11:45',NULL),
	(174,39,46,3,4,18,21,0,21,18,0,'2013-03-17 09:17:43','2013-03-17 09:57:23',NULL),
	(175,36,43,3,4,21,21,0,20,13,0,'2013-03-17 09:17:51','2013-03-17 09:49:43',NULL),
	(176,47,44,3,4,21,21,0,7,5,0,'2013-03-16 16:04:03','2013-03-16 16:26:26',NULL),
	(177,33,35,3,4,20,14,0,21,21,0,'2013-03-16 15:46:19','2013-03-16 16:26:21',NULL),
	(178,34,30,3,4,21,21,0,10,10,0,'2013-03-16 15:54:12','2013-03-16 16:22:02',NULL),
	(179,27,50,3,4,21,21,0,19,19,0,'2013-03-16 16:05:07','2013-03-16 16:35:41',NULL),
	(180,42,38,3,4,16,11,0,21,21,0,'2013-03-16 16:00:31','2013-03-16 16:31:55',NULL),
	(181,31,48,3,4,8,10,0,21,21,0,'2013-03-16 16:05:29','2013-03-16 16:23:52',NULL),
	(182,26,28,3,4,17,11,0,21,21,0,'2013-03-16 16:00:50','2013-03-16 16:31:34',NULL),
	(183,23,24,3,4,21,21,0,7,12,0,'2013-03-16 16:12:14','2013-03-16 16:33:15',NULL),
	(184,41,-1,3,4,NULL,NULL,NULL,NULL,NULL,NULL,NULL,NULL,NULL),
	(185,61,56,3,4,21,21,0,11,12,0,'2013-03-16 16:23:04','2013-03-16 17:12:51',NULL),
	(186,58,63,3,4,21,21,0,19,14,0,'2013-03-16 16:24:06','2013-03-16 16:56:14',NULL),
	(187,62,60,3,4,13,16,0,21,21,0,'2013-03-16 16:11:51','2013-03-16 16:43:42',NULL),
	(188,57,59,3,4,21,21,0,14,15,0,'2013-03-16 16:14:12','2013-03-16 17:05:25',NULL),
	(191,8,4,4,4,8,11,0,21,21,0,'2013-03-17 09:17:59','2013-03-17 09:46:23',NULL),
	(192,2,5,4,4,21,21,0,4,11,0,'2013-03-17 09:18:09','2013-03-17 10:07:56',NULL),
	(193,1,6,4,4,21,20,0,12,21,0,'2013-03-17 09:18:19','2013-03-17 10:15:34',NULL),
	(194,3,9,4,4,21,21,0,2,1,0,'2013-03-17 10:20:29','2013-03-17 10:40:24',NULL),
	(195,7,-1,4,4,NULL,NULL,NULL,NULL,NULL,NULL,NULL,NULL,NULL),
	(196,157,158,1,4,18,21,0,21,18,0,'2013-03-17 10:41:17','2013-03-17 11:11:24',NULL),
	(197,159,160,1,4,20,21,0,21,20,0,'2013-03-17 09:12:07','2013-03-17 09:12:38',NULL),
	(198,120,119,3,4,21,16,0,16,21,0,'2013-03-17 09:18:35','2013-03-17 09:56:13',NULL),
	(199,115,117,3,4,21,17,0,18,21,0,'2013-03-17 11:06:07','2013-03-17 11:44:12',NULL),
	(200,122,123,3,4,20,17,0,21,21,0,'2013-03-17 09:19:04','2013-03-17 09:57:54',NULL),
	(201,118,113,3,4,21,17,0,13,21,0,'2013-03-17 09:19:18','2013-03-17 09:58:31',NULL),
	(202,116,114,3,4,21,21,0,19,16,0,'2013-03-17 09:19:34','2013-03-17 09:53:12',NULL),
	(203,121,-1,3,4,NULL,NULL,NULL,NULL,NULL,NULL,NULL,NULL,NULL),
	(204,127,128,3,4,21,21,0,13,19,0,'2013-03-17 10:35:02','2013-03-17 11:08:21',NULL),
	(205,124,130,3,4,20,13,0,21,21,0,'2013-03-17 10:34:33','2013-03-17 11:11:24',NULL),
	(206,125,126,3,4,21,16,0,15,21,0,'2013-03-17 10:06:10','2013-03-17 10:42:50',NULL),
	(207,129,-1,3,4,NULL,NULL,NULL,NULL,NULL,NULL,NULL,NULL,NULL),
	(208,109,102,3,4,21,21,0,10,17,0,'2013-03-17 09:19:46','2013-03-17 10:02:23',NULL),
	(209,105,106,3,4,21,21,0,16,20,0,'2013-03-17 09:59:00','2013-03-17 10:34:33',NULL),
	(210,110,101,3,4,21,21,0,13,13,0,'2013-03-17 09:44:38','2013-03-17 10:16:54',NULL),
	(211,108,111,3,4,21,13,0,13,21,0,'2013-03-17 10:29:28','2013-03-17 11:05:26',NULL),
	(212,100,107,3,4,19,18,0,21,21,0,'2013-03-17 10:01:40','2013-03-17 10:37:49',NULL),
	(213,99,104,3,4,11,14,0,21,21,0,'2013-03-17 09:58:36','2013-03-17 10:27:59',NULL),
	(214,98,-1,3,4,NULL,NULL,NULL,NULL,NULL,NULL,NULL,NULL,NULL),
	(215,97,90,3,4,21,21,0,18,12,0,'2013-03-17 10:02:47','2013-03-17 10:38:30',NULL),
	(216,93,95,3,4,21,21,0,18,19,0,'2013-03-17 10:03:32','2013-03-17 10:33:55',NULL),
	(217,94,88,3,4,13,7,0,21,21,0,'2013-03-17 10:04:44','2013-03-17 10:35:02',NULL),
	(218,96,92,3,4,21,21,0,20,12,0,'2013-03-17 10:05:11','2013-03-17 10:43:44',NULL),
	(219,87,91,3,4,21,21,0,12,15,0,'2013-03-17 10:05:23','2013-03-17 10:34:26',NULL),
	(220,89,-1,3,4,NULL,NULL,NULL,NULL,NULL,NULL,NULL,NULL,NULL),
	(221,149,146,3,4,21,11,0,10,21,0,'2013-03-17 09:47:17','2013-03-17 10:20:16',NULL),
	(222,147,150,3,4,21,15,0,14,21,0,'2013-03-17 09:47:46','2013-03-17 10:34:19',NULL),
	(223,152,148,3,4,21,19,0,19,21,0,'2013-03-17 09:52:11','2013-03-17 10:28:43',NULL),
	(224,151,-1,3,4,NULL,NULL,NULL,NULL,NULL,NULL,NULL,NULL,NULL),
	(225,153,155,3,4,21,21,0,16,19,0,'2013-03-17 10:34:50','2013-03-17 11:25:05',NULL),
	(226,156,154,3,4,19,18,0,21,21,0,'2013-03-17 10:35:54','2013-03-17 11:17:27',NULL),
	(227,142,138,3,4,21,21,0,18,19,0,'2013-03-17 11:25:42','2013-03-17 12:06:03',NULL),
	(228,143,140,3,4,20,18,0,21,21,0,'2013-03-17 11:51:38','2013-03-17 12:26:30',NULL),
	(229,141,-1,3,4,NULL,NULL,NULL,NULL,NULL,NULL,NULL,NULL,NULL),
	(230,139,145,3,4,21,21,0,19,19,0,'2013-03-17 11:20:55','2013-03-17 11:57:35',NULL),
	(231,132,136,3,4,21,21,0,17,20,0,'2013-03-17 10:36:10','2013-03-17 11:16:59',NULL),
	(232,137,135,3,4,10,16,0,21,21,0,'2013-03-17 10:38:33','2013-03-17 11:06:36',NULL),
	(233,134,131,3,4,21,21,0,13,10,0,'2013-03-17 10:38:45','2013-03-17 11:05:56',NULL),
	(234,133,-1,3,4,NULL,NULL,NULL,NULL,NULL,NULL,NULL,NULL,NULL),
	(235,79,78,4,4,21,21,0,18,10,0,'2013-03-17 10:14:11','2013-03-17 10:41:28',NULL),
	(236,83,82,4,4,18,18,0,21,21,0,'2013-03-17 10:16:04','2013-03-17 10:45:15',NULL),
	(237,86,76,4,4,20,21,0,21,20,0,'2013-03-17 10:12:55','2013-03-17 10:13:09',NULL),
	(238,80,85,4,4,21,21,0,15,13,0,'2013-03-17 10:18:19','2013-03-17 10:46:41',NULL),
	(239,84,81,4,4,21,21,0,20,18,0,'2013-03-17 10:42:51','2013-03-17 11:14:21',NULL),
	(240,77,-1,4,4,NULL,NULL,NULL,NULL,NULL,NULL,NULL,NULL,NULL),
	(241,161,162,1,4,21,21,0,13,18,0,'2013-03-17 11:14:40','2013-03-17 11:43:11',NULL),
	(242,163,164,1,4,20,11,0,21,21,0,'2013-03-17 11:21:14','2013-03-17 11:54:01',NULL),
	(243,165,-1,1,4,NULL,NULL,NULL,NULL,NULL,NULL,NULL,NULL,NULL),
	(244,149,152,4,4,21,21,0,11,18,0,'2013-03-17 11:22:23','2013-03-17 11:50:49',NULL),
	(245,146,148,4,4,16,21,0,21,16,0,'2013-03-17 12:32:46','2013-03-17 13:03:52',NULL),
	(246,147,151,4,4,21,20,0,12,21,0,'2013-03-17 11:36:19','2013-03-17 12:09:39',NULL),
	(247,150,-1,4,4,NULL,NULL,NULL,NULL,NULL,NULL,NULL,NULL,NULL),
	(248,2,4,5,4,21,21,0,11,16,0,'2013-03-17 10:46:52','2013-03-17 11:17:42',NULL),
	(249,8,9,5,4,21,21,0,7,8,0,'2013-03-17 11:12:22','2013-03-17 11:44:55',NULL),
	(250,3,1,5,4,21,21,0,11,11,0,'2013-03-17 10:48:44','2013-03-17 11:21:03',NULL),
	(251,6,-1,5,4,NULL,NULL,NULL,NULL,NULL,NULL,NULL,NULL,NULL),
	(252,7,5,5,4,21,20,0,20,21,0,'2013-03-17 10:47:55','2013-03-17 10:48:15',NULL),
	(253,97,93,4,4,21,21,0,11,10,0,'2013-03-17 10:50:01','2013-03-17 11:19:47',NULL),
	(254,88,96,4,4,17,21,0,21,18,0,'2013-03-17 10:50:35','2013-03-17 11:22:47',NULL),
	(255,90,95,4,4,21,19,0,11,21,0,'2013-03-17 11:44:26','2013-03-17 12:18:28',NULL),
	(256,87,94,4,4,21,17,0,10,21,0,'2013-03-17 11:06:42','2013-03-17 11:35:39',NULL),
	(257,92,-1,4,4,NULL,NULL,NULL,NULL,NULL,NULL,NULL,NULL,NULL),
	(258,89,91,4,4,21,21,0,13,10,0,'2013-03-17 11:45:18','2013-03-17 12:17:35',NULL),
	(259,51,25,4,4,13,19,0,21,21,0,'2013-03-17 11:23:18','2013-03-17 11:52:47',NULL),
	(260,45,36,4,4,21,21,0,14,17,0,'2013-03-17 11:12:13','2013-03-17 11:48:50',NULL),
	(261,29,47,4,4,17,21,0,21,13,0,'2013-03-17 11:12:49','2013-03-17 11:45:50',NULL),
	(262,34,40,4,4,20,21,0,21,13,0,'2013-03-17 11:13:34','2013-03-17 11:40:07',NULL),
	(263,37,32,4,4,19,21,0,21,17,0,'2013-03-17 11:23:35','2013-03-17 11:53:33',NULL),
	(264,35,39,4,4,21,21,0,16,3,0,'2013-03-17 11:24:46','2013-03-17 11:48:27',NULL),
	(265,46,27,4,4,20,21,0,21,19,0,'2013-03-17 11:40:44','2013-03-17 12:09:25',NULL),
	(266,38,49,4,4,16,9,0,21,21,0,'2013-03-17 11:43:30','2013-03-17 12:10:52',NULL),
	(267,48,23,4,4,21,20,0,20,21,0,'2013-03-17 11:10:14','2013-03-17 11:10:30',NULL),
	(268,43,28,4,4,16,14,0,21,21,0,'2013-03-17 11:46:04','2013-03-17 12:14:13',NULL),
	(269,33,30,4,4,21,21,0,9,8,0,'2013-03-17 11:49:26','2013-03-17 12:20:23',NULL),
	(270,44,42,4,4,21,20,0,20,21,0,'2013-03-17 11:10:38','2013-03-17 11:10:51',NULL),
	(271,50,31,4,4,21,21,0,14,11,0,'2013-03-17 11:53:33','2013-03-17 12:20:38',NULL),
	(272,26,-1,4,4,NULL,NULL,NULL,NULL,NULL,NULL,NULL,NULL,NULL),
	(273,41,24,4,4,21,20,0,20,21,0,'2013-03-17 11:10:58','2013-03-17 11:11:13',NULL),
	(274,157,159,2,4,16,11,0,21,21,0,'2013-03-17 12:06:13','2013-03-17 12:38:01',NULL),
	(275,158,160,2,4,19,15,0,21,21,0,'2013-03-17 11:19:00','2013-03-17 11:46:35',NULL),
	(276,123,120,4,4,17,19,0,21,21,0,'2013-03-17 11:48:52','2013-03-17 12:22:28',NULL),
	(277,119,117,4,4,21,21,0,13,14,0,'2013-03-17 12:54:39','2013-03-17 13:24:49',NULL),
	(278,115,116,4,4,18,21,0,21,20,0,'2013-03-17 12:50:59','2013-03-17 13:30:52',NULL),
	(279,122,118,4,4,21,20,0,17,21,0,'2013-03-17 12:45:59','2013-03-17 13:22:42',NULL),
	(280,113,-1,4,4,NULL,NULL,NULL,NULL,NULL,NULL,NULL,NULL,NULL),
	(281,121,114,4,4,21,21,0,14,18,0,'2013-03-17 11:46:51','2013-03-17 12:19:20',NULL),
	(282,132,134,4,4,19,20,0,21,21,0,'2013-03-17 11:53:59','2013-03-17 12:32:05',NULL),
	(283,135,133,4,4,21,18,0,10,21,0,'2013-03-17 11:54:26','2013-03-17 12:24:51',NULL),
	(284,136,-1,4,4,NULL,NULL,NULL,NULL,NULL,NULL,NULL,NULL,NULL),
	(285,137,131,4,4,18,21,0,21,14,0,'2013-03-17 12:10:12','2013-03-17 12:45:17',NULL),
	(286,109,110,4,4,14,21,0,21,19,0,'2013-03-17 11:58:14','2013-03-17 12:35:33',NULL),
	(287,105,107,4,4,18,20,0,21,21,0,'2013-03-17 12:09:59','2013-03-17 12:45:08',NULL),
	(288,108,106,4,4,20,21,0,21,19,0,'2013-03-17 12:11:53','2013-03-17 12:50:34',NULL),
	(289,111,104,4,4,21,21,0,19,17,0,'2013-03-17 12:14:42','2013-03-17 12:46:20',NULL),
	(290,102,101,4,4,21,17,0,11,21,0,'2013-03-17 12:17:54','2013-03-17 12:54:14',NULL),
	(291,100,98,4,4,18,20,0,21,21,0,'2013-03-17 12:22:33','2013-03-17 12:51:56',NULL),
	(292,99,-1,4,4,NULL,NULL,NULL,NULL,NULL,NULL,NULL,NULL,NULL),
	(293,61,57,4,4,21,21,0,13,18,0,'2013-03-17 12:18:52','2013-03-17 12:49:32',NULL),
	(294,58,60,4,4,21,14,0,16,21,0,'2013-03-17 12:20:39','2013-03-17 12:53:15',NULL),
	(295,56,62,4,4,14,18,0,21,21,0,'2013-03-17 12:20:54','2013-03-17 12:54:44',NULL),
	(296,63,59,4,4,21,21,0,10,18,0,'2013-03-17 12:21:06','2013-03-17 12:50:54',NULL),
	(297,71,72,4,4,12,17,0,21,21,0,'2013-03-17 12:47:32','2013-03-17 13:14:20',NULL),
	(298,73,67,4,4,15,19,0,21,21,0,'2013-03-17 12:25:20','2013-03-17 12:53:44',NULL),
	(299,68,74,4,4,16,17,0,21,21,0,'2013-03-17 12:28:16','2013-03-17 12:57:10',NULL),
	(300,66,70,4,4,18,21,0,21,11,0,'2013-03-17 12:36:19','2013-03-17 13:04:19',NULL),
	(301,64,65,4,4,20,21,0,21,20,0,'2013-03-17 12:27:14','2013-03-17 12:27:33',NULL),
	(302,69,75,4,4,20,21,0,21,20,0,'2013-03-17 12:27:44','2013-03-17 12:28:00',NULL),
	(303,127,130,4,4,21,20,0,19,21,0,'2013-03-17 12:55:51','2013-03-17 13:36:31',NULL),
	(304,128,125,4,4,21,21,0,13,18,0,'2013-03-17 12:38:33','2013-03-17 13:08:36',NULL),
	(305,124,-1,4,4,NULL,NULL,NULL,NULL,NULL,NULL,NULL,NULL,NULL),
	(306,126,129,4,4,20,18,0,21,21,0,'2013-03-17 12:53:08','2013-03-17 13:30:23',NULL),
	(307,142,140,4,4,21,15,0,17,21,0,'2013-03-17 12:46:22','2013-03-17 13:37:59',NULL),
	(308,143,139,4,4,21,21,0,18,20,0,'2013-03-17 13:05:57','2013-03-17 13:48:51',NULL),
	(309,138,-1,4,4,NULL,NULL,NULL,NULL,NULL,NULL,NULL,NULL,NULL),
	(310,141,145,4,4,14,21,0,21,18,0,'2013-03-17 13:06:11','2013-03-17 13:50:09',NULL),
	(311,159,158,3,4,21,21,0,15,20,0,'2013-03-17 12:52:13','2013-03-17 13:28:21',NULL),
	(312,160,157,3,4,18,17,0,21,21,0,'2013-03-17 12:50:13','2013-03-17 13:22:04',NULL),
	(313,79,82,5,4,21,21,0,11,19,0,'2013-03-17 12:57:51','2013-03-17 13:28:52',NULL),
	(314,80,86,5,4,19,15,0,21,21,0,'2013-03-17 12:58:04','2013-03-17 13:30:03',NULL),
	(315,78,84,5,4,21,21,0,9,10,0,'2013-03-17 13:11:59','2013-03-17 13:34:45',NULL),
	(316,83,76,5,4,20,21,0,21,20,0,'2013-03-17 13:04:59','2013-03-17 13:05:17',NULL),
	(317,85,-1,5,4,NULL,NULL,NULL,NULL,NULL,NULL,NULL,NULL,NULL),
	(318,77,81,5,4,18,17,0,21,21,0,'2013-03-17 12:58:22','2013-03-17 13:28:21',NULL),
	(319,153,155,4,4,21,18,0,20,21,0,'2013-03-17 13:56:49','2013-03-17 14:40:37',NULL),
	(320,154,156,4,4,17,18,0,21,21,0,'2013-03-17 14:18:35','2013-03-17 14:52:53',NULL),
	(321,2,8,6,4,21,21,0,6,15,0,'2013-03-17 13:22:57','2013-03-17 13:45:27',NULL),
	(322,3,5,6,4,21,21,0,14,16,0,'2013-03-17 13:15:13','2013-03-17 13:41:22',NULL),
	(323,4,-1,6,4,NULL,NULL,NULL,NULL,NULL,NULL,NULL,NULL,NULL),
	(324,6,7,6,4,20,21,0,21,20,0,'2013-03-17 13:14:45','2013-03-17 13:14:58',NULL),
	(325,1,9,6,4,21,21,0,6,6,0,'2013-03-17 13:23:36','2013-03-17 13:42:20',NULL),
	(326,134,135,5,4,21,21,0,13,20,0,'2013-03-17 13:26:10','2013-03-17 13:59:30',NULL),
	(327,132,-1,5,4,NULL,NULL,NULL,NULL,NULL,NULL,NULL,NULL,NULL),
	(328,136,137,5,4,15,17,0,21,21,0,'2013-03-17 13:28:48','2013-03-17 14:07:52',NULL),
	(329,133,131,5,4,8,10,0,21,21,0,'2013-03-17 13:30:29','2013-03-17 13:56:18',NULL),
	(330,161,164,2,4,15,8,0,21,21,0,'2013-03-17 13:33:18','2013-03-17 14:02:39',NULL),
	(331,165,162,2,4,21,21,0,12,11,0,'2013-03-17 13:33:45','2013-03-17 14:04:56',NULL),
	(332,163,-1,2,4,NULL,NULL,NULL,NULL,NULL,NULL,NULL,NULL,NULL),
	(333,119,115,5,4,19,21,0,21,16,0,'2013-03-17 13:37:37','2013-03-17 14:15:10',NULL),
	(334,120,122,5,4,21,18,0,17,21,0,'2013-03-17 13:37:59','2013-03-17 14:13:19',NULL),
	(335,116,121,5,4,21,21,0,16,19,0,'2013-03-17 13:38:12','2013-03-17 14:09:04',NULL),
	(336,123,117,5,4,19,20,0,21,21,0,'2013-03-17 13:39:15','2013-03-17 14:12:37',NULL),
	(337,118,-1,5,4,NULL,NULL,NULL,NULL,NULL,NULL,NULL,NULL,NULL),
	(338,113,114,5,4,17,5,0,21,21,0,'2013-03-17 13:39:41','2013-03-17 14:17:07',NULL),
	(339,25,45,5,4,21,21,0,13,16,0,'2013-03-17 13:51:12','2013-03-17 14:38:45',NULL),
	(340,35,51,5,4,21,21,0,10,16,0,'2013-03-17 13:51:41','2013-03-17 14:14:24',NULL),
	(341,29,34,5,4,21,18,0,15,21,0,'2013-03-17 13:51:58','2013-03-17 14:20:27',NULL),
	(342,49,47,5,4,16,11,0,21,21,0,'2013-03-17 13:52:11','2013-03-17 14:21:12',NULL),
	(343,37,46,5,4,21,21,0,16,15,0,'2013-03-17 13:52:29','2013-03-17 14:24:07',NULL),
	(344,32,40,5,4,21,21,0,11,12,0,'2013-03-17 13:59:52','2013-03-17 14:22:22',NULL),
	(345,27,36,5,4,13,21,0,21,9,0,'2013-03-17 14:04:34','2013-03-17 14:28:03',NULL),
	(346,33,28,5,4,21,21,0,20,15,0,'2013-03-17 14:05:38','2013-03-17 14:34:12',NULL),
	(347,39,50,5,4,21,21,0,19,17,0,'2013-03-17 14:08:21','2013-03-17 14:44:10',NULL),
	(348,48,44,5,4,0,0,0,21,21,0,'2013-03-17 13:48:34','2013-03-17 13:49:50',NULL),
	(349,23,38,5,4,17,10,0,21,21,0,'2013-03-17 14:10:16','2013-03-17 14:49:44',NULL),
	(350,42,30,5,4,21,20,0,20,21,0,'2013-03-17 13:49:57','2013-03-17 13:50:12',NULL),
	(351,43,41,5,4,21,20,0,20,21,0,'2013-03-17 13:50:28','2013-03-17 13:50:40',NULL),
	(352,24,26,5,4,21,20,0,20,21,0,'2013-03-17 13:50:57','2013-03-17 13:51:08',NULL),
	(353,31,-1,5,4,NULL,NULL,NULL,NULL,NULL,NULL,NULL,NULL,NULL),
	(354,61,63,5,4,21,21,0,12,14,0,'2013-03-17 14:13:29','2013-03-17 14:41:14',NULL),
	(355,60,57,5,4,15,18,0,21,21,0,'2013-03-17 14:14:33','2013-03-17 14:51:25',NULL),
	(356,58,62,5,4,21,14,0,19,21,0,'2013-03-17 14:14:56','2013-03-17 14:44:29',NULL),
	(357,56,59,5,4,21,21,0,12,15,0,'2013-03-17 14:16:03','2013-03-17 14:47:19',NULL),
	(358,149,150,5,4,19,21,0,21,15,0,'2013-03-17 14:53:21','2013-03-17 15:23:57',NULL),
	(359,146,152,5,4,19,21,0,21,20,0,'2013-03-17 14:59:42','2013-03-17 15:29:04',NULL),
	(360,147,-1,5,4,NULL,NULL,NULL,NULL,NULL,NULL,NULL,NULL,NULL),
	(361,148,151,5,4,12,13,0,21,21,0,'2013-03-17 14:55:52','2013-03-17 15:29:49',NULL),
	(362,97,88,5,4,21,21,0,17,11,0,'2013-03-17 14:21:05','2013-03-17 14:51:57',NULL),
	(363,90,93,5,4,21,21,0,20,13,0,'2013-03-17 14:21:55','2013-03-17 15:03:09',NULL),
	(364,87,89,5,4,21,21,0,15,14,0,'2013-03-17 14:22:55','2013-03-17 15:02:35',NULL),
	(365,96,95,5,4,17,3,0,21,21,0,'2013-03-17 14:25:05','2013-03-17 14:56:20',NULL),
	(366,94,-1,5,4,NULL,NULL,NULL,NULL,NULL,NULL,NULL,NULL,NULL),
	(367,92,91,5,4,21,18,0,17,21,0,'2013-03-17 14:28:30','2013-03-17 14:57:46',NULL),
	(368,109,107,5,4,21,20,0,20,21,0,'2013-03-17 14:37:32','2013-03-17 15:16:29',NULL),
	(369,110,111,5,4,19,14,0,21,21,0,'2013-03-17 14:39:21','2013-03-17 15:21:30',NULL),
	(370,105,102,5,4,21,21,0,14,20,0,'2013-03-17 14:48:33','2013-03-17 15:28:12',NULL),
	(371,108,101,5,4,21,21,0,20,14,0,'2013-03-17 14:49:39','2013-03-17 15:35:23',NULL),
	(372,106,104,5,4,18,13,0,21,21,0,'2013-03-17 14:54:21','2013-03-17 15:28:51',NULL),
	(373,98,99,5,4,14,9,0,21,21,0,'2013-03-17 14:57:58','2013-03-17 15:25:35',NULL),
	(374,100,-1,5,4,NULL,NULL,NULL,NULL,NULL,NULL,NULL,NULL,NULL),
	(375,72,67,5,4,21,21,0,18,14,0,'2013-03-17 15:01:27','2013-03-17 15:33:42',NULL),
	(376,71,73,5,4,21,16,0,13,21,0,'2013-03-17 15:24:04','2013-03-17 15:52:28',NULL),
	(377,74,66,5,4,21,21,0,18,10,0,'2013-03-17 15:01:55','2013-03-17 15:30:35',NULL),
	(378,64,68,5,4,21,18,0,18,21,0,'2013-03-17 15:36:30','2013-03-17 15:36:40',NULL),
	(379,65,69,5,4,21,20,0,13,21,0,'2013-03-17 15:02:52','2013-03-17 15:35:02',NULL),
	(380,70,75,5,4,21,18,0,18,21,0,'2013-03-17 16:05:49','2013-03-17 16:37:53',NULL),
	(381,2,7,7,4,12,21,0,21,12,0,'2013-03-17 16:17:13','2013-03-17 16:45:26',NULL),
	(382,3,6,7,4,21,21,0,7,20,0,'2013-03-17 15:04:32','2013-03-17 15:32:39',NULL),
	(383,4,9,7,4,21,12,0,12,21,0,'2013-03-17 15:27:03','2013-03-17 15:27:11',NULL),
	(384,8,-1,7,4,NULL,NULL,NULL,NULL,NULL,NULL,NULL,NULL,NULL),
	(385,1,5,7,4,21,21,0,9,16,0,'2013-03-17 15:04:58','2013-03-17 15:32:17',NULL),
	(386,127,129,5,4,21,21,0,6,13,0,'2013-03-17 15:37:54','2013-03-17 16:09:57',NULL),
	(387,128,124,5,4,21,19,0,16,21,0,'2013-03-17 16:09:26','2013-03-17 16:39:49',NULL),
	(388,130,126,5,4,21,21,0,13,13,0,'2013-03-17 15:30:22','2013-03-17 16:08:22',NULL),
	(389,125,-1,5,4,NULL,NULL,NULL,NULL,NULL,NULL,NULL,NULL,NULL),
	(390,119,122,6,4,21,21,0,16,14,0,'2013-03-17 15:30:52','2013-03-17 16:02:41',NULL),
	(391,120,116,6,4,16,18,0,21,21,0,'2013-03-17 15:32:56','2013-03-17 16:02:49',NULL),
	(392,117,118,6,4,10,21,0,21,20,0,'2013-03-17 15:29:20','2013-03-17 16:07:49',NULL),
	(393,115,-1,6,4,NULL,NULL,NULL,NULL,NULL,NULL,NULL,NULL,NULL),
	(394,123,114,6,4,21,19,0,17,21,0,'2013-03-17 15:13:49','2013-03-17 15:41:48',NULL),
	(395,121,113,6,4,11,21,0,21,17,0,'2013-03-17 15:33:15','2013-03-17 16:01:46',NULL),
	(396,159,157,4,4,17,12,0,21,21,0,'2013-03-17 15:29:48','2013-03-17 16:18:26',NULL),
	(397,160,158,4,4,21,21,0,11,18,0,'2013-03-17 15:18:28','2013-03-17 15:50:14',NULL),
	(398,79,83,6,4,21,13,0,13,21,0,'2013-03-17 15:35:07','2013-03-17 16:09:35',NULL),
	(399,78,86,6,4,7,21,0,21,20,0,'2013-03-17 15:54:22','2013-03-17 16:19:56',NULL),
	(400,82,80,6,4,21,21,0,13,18,0,'2013-03-17 15:35:30','2013-03-17 16:10:07',NULL),
	(401,76,-1,6,4,NULL,NULL,NULL,NULL,NULL,NULL,NULL,NULL,NULL),
	(402,84,77,6,4,21,18,0,18,21,0,'2013-03-17 15:39:18','2013-03-17 16:08:23',NULL),
	(403,81,85,6,4,21,20,0,11,21,0,'2013-03-17 15:33:37','2013-03-17 16:00:25',NULL),
	(404,149,151,6,4,19,16,0,21,21,0,'2013-03-17 16:09:58','2013-03-17 16:50:43',NULL),
	(405,146,-1,6,4,NULL,NULL,NULL,NULL,NULL,NULL,NULL,NULL,NULL),
	(406,147,152,6,4,21,21,0,8,11,0,'2013-03-17 16:13:19','2013-03-17 16:40:16',NULL),
	(407,150,148,6,4,17,20,0,21,21,0,'2013-03-17 15:43:47','2013-03-17 16:20:16',NULL);

/*!40000 ALTER TABLE `match` ENABLE KEYS */;
UNLOCK TABLES;


# Dump of table monolog
# ------------------------------------------------------------

DROP TABLE IF EXISTS `monolog`;

CREATE TABLE `monolog` (
  `channel` varchar(255) DEFAULT NULL,
  `level` int(11) DEFAULT NULL,
  `message` longtext,
  `time` varchar(256) DEFAULT NULL
) ENGINE=InnoDB DEFAULT CHARSET=latin1;



# Dump of table poule
# ------------------------------------------------------------

DROP TABLE IF EXISTS `poule`;

CREATE TABLE `poule` (
  `id` int(11) unsigned NOT NULL AUTO_INCREMENT,
  `name` varchar(20) NOT NULL DEFAULT '',
  `round` int(11) NOT NULL,
  `category` int(11) NOT NULL,
  PRIMARY KEY (`id`)
) ENGINE=InnoDB AUTO_INCREMENT=22 DEFAULT CHARSET=utf8;

LOCK TABLES `poule` WRITE;
/*!40000 ALTER TABLE `poule` DISABLE KEYS */;

INSERT INTO `poule` (`id`, `name`, `round`, `category`)
VALUES
	(1,'1',6,1),
	(2,'2',0,2),
	(3,'3',5,3),
	(4,'4',5,4),
	(5,'5',7,5),
	(6,'6',6,6),
	(7,'7',0,7),
	(8,'8',6,8),
	(9,'9',6,9),
	(10,'10',7,10),
	(11,'11',3,11),
	(12,'12',6,12),
	(13,'13',6,13),
	(14,'14',6,14),
	(15,'15',7,15),
	(16,'16',8,16),
	(17,'17',0,17),
	(18,'18',0,18),
	(19,'19',0,19),
	(21,'21',5,21);

/*!40000 ALTER TABLE `poule` ENABLE KEYS */;
UNLOCK TABLES;


# Dump of table team
# ------------------------------------------------------------

DROP TABLE IF EXISTS `team`;

CREATE TABLE `team` (
  `id` int(11) unsigned NOT NULL AUTO_INCREMENT,
  `user1` int(11) NOT NULL,
  `user2` int(11) DEFAULT NULL,
  `poule` int(11) NOT NULL,
  `matches_played` int(11) NOT NULL,
  `matches_won` int(11) NOT NULL,
  `matches_lost` int(11) NOT NULL,
  `matches_draw` int(11) NOT NULL,
  `sets_won` int(11) NOT NULL,
  `sets_lost` int(11) NOT NULL,
  `points_won` int(11) NOT NULL,
  `points_lost` int(11) NOT NULL,
  `points_balance` double NOT NULL,
  `average_sets_won` double NOT NULL,
  `IsInOperative` int(11) NOT NULL DEFAULT '0',
  PRIMARY KEY (`id`)
) ENGINE=InnoDB AUTO_INCREMENT=166 DEFAULT CHARSET=utf8;

LOCK TABLES `team` WRITE;
/*!40000 ALTER TABLE `team` DISABLE KEYS */;

INSERT INTO `team` (`id`, `user1`, `user2`, `poule`, `matches_played`, `matches_won`, `matches_lost`, `matches_draw`, `sets_won`, `sets_lost`, `points_won`, `points_lost`, `points_balance`, `average_sets_won`, `IsInOperative`)
VALUES
	(1,6,NULL,16,6,2,1,3,7,5,218,189,4.8333333333333,1.166666666,0),
	(2,7,NULL,16,7,4,0,3,11,3,278,188,12.857142857143,1.571428571,0),
	(3,5,NULL,16,7,4,1,2,10,4,283,199,12,1.428571428,0),
	(4,2,NULL,16,6,2,1,3,7,5,219,186,5.5,1.166666666,0),
	(5,8,NULL,16,6,1,4,1,3,9,164,233,-11.5,0.5,0),
	(6,4,NULL,16,6,1,2,3,5,7,198,218,-3.3333333333333,0.833333333,0),
	(7,3,NULL,16,6,1,2,3,5,7,187,218,-5.1666666666667,0.833333333,0),
	(8,9,NULL,16,6,3,2,1,7,5,207,186,3.5,1.166666666,0),
	(9,1,NULL,16,6,0,5,1,1,11,106,243,-22.833333333333,0.166666666,0),
	(19,7,10,20,3,3,0,0,6,0,126,76,16.666666666667,2,0),
	(20,13,11,20,3,1,2,0,2,4,90,117,-9,0.666666666,0),
	(21,14,1,20,3,1,2,0,2,4,108,121,-4.3333333333333,0.666666666,0),
	(22,12,2,20,3,1,2,0,2,4,99,109,-3.3333333333333,0.666666666,0),
	(23,19,NULL,13,5,1,3,1,3,7,154,186,-6.4,0.6,0),
	(24,13,NULL,13,4,0,2,2,2,6,111,166,-13.75,0.5,0),
	(25,20,NULL,13,5,5,0,0,10,0,210,137,14.6,2,0),
	(26,21,NULL,13,4,0,3,1,1,7,121,167,-11.5,0.25,0),
	(27,22,NULL,13,5,2,1,2,6,4,176,176,0,1.2,0),
	(28,23,NULL,13,5,2,3,0,4,6,171,184,-2.6,0.8,0),
	(29,24,NULL,13,5,2,0,3,7,3,195,169,5.2,1.4,0),
	(30,25,NULL,13,5,1,3,1,3,7,138,185,-9.4,0.6,0),
	(31,12,NULL,13,4,0,3,1,1,7,94,166,-18,0.25,0),
	(32,26,NULL,13,5,3,1,1,7,3,197,148,9.8,1.4,0),
	(33,27,NULL,13,5,3,2,0,6,4,185,157,5.6,1.2,0),
	(34,28,NULL,13,5,2,1,2,6,4,190,162,5.6,1.2,0),
	(35,29,NULL,13,5,4,1,0,8,2,200,150,10,1.6,0),
	(36,30,NULL,13,5,2,1,2,6,4,175,180,-1,1.2,0),
	(37,31,NULL,13,5,2,0,3,7,3,199,150,9.8,1.4,0),
	(38,10,NULL,13,5,2,2,1,5,5,167,177,-2,1,0),
	(39,32,NULL,13,5,2,1,2,6,4,179,179,0,1.2,0),
	(40,33,NULL,13,5,2,2,1,5,5,180,161,3.8,1,0),
	(41,34,NULL,13,4,0,2,2,2,6,115,166,-12.75,0.5,0),
	(42,35,NULL,13,5,0,2,3,3,7,164,199,-7,0.6,0),
	(43,60,NULL,13,5,1,3,1,3,7,179,182,-0.6,0.6,0),
	(44,37,NULL,13,5,2,2,1,5,5,160,140,4,1,0),
	(45,38,NULL,13,5,3,1,1,7,3,194,159,7,1.4,0),
	(46,39,NULL,13,5,0,2,3,3,7,185,204,-3.8,0.6,0),
	(47,40,NULL,13,5,4,0,1,9,1,202,131,14.2,1.8,0),
	(48,41,NULL,13,5,1,3,1,3,7,138,185,-9.4,0.6,0),
	(49,42,NULL,13,5,2,2,1,5,5,178,183,-1,1,0),
	(50,43,NULL,13,5,1,3,1,3,7,186,192,-1.2,0.6,0),
	(51,44,NULL,13,4,2,2,0,4,4,142,144,-0.5,1,0),
	(56,6,56,12,5,2,2,1,5,5,174,182,-1.6,1,0),
	(57,48,9,12,5,2,2,1,5,5,187,182,1,1,0),
	(58,5,51,12,5,2,1,2,6,4,185,173,2.4,1.2,0),
	(59,49,8,12,5,0,5,0,0,10,134,210,-15.2,0,0),
	(60,11,54,12,5,2,2,1,5,5,169,177,-1.6,1,0),
	(61,50,61,12,5,5,0,0,10,0,210,126,16.8,2,0),
	(62,4,55,12,5,1,1,3,5,5,184,191,-1.4,1,0),
	(63,59,62,12,5,1,2,2,4,6,182,184,-0.4,0.8,0),
	(64,45,21,14,5,0,1,4,4,6,193,201,-1.6,0.8,0),
	(65,20,52,14,5,1,2,2,4,6,171,181,-2,0.8,0),
	(66,46,32,14,5,1,2,2,4,6,169,184,-3,0.8,0),
	(67,47,40,14,5,3,2,0,6,4,178,158,4,1.2,0),
	(68,22,43,14,5,1,2,2,4,6,177,182,-1,0.8,0),
	(69,23,39,14,5,0,2,3,3,7,170,206,-7.2,0.6,0),
	(70,27,53,14,5,1,2,2,4,6,160,200,-8,0.8,0),
	(71,28,63,14,5,3,1,1,7,3,192,153,7.8,1.4,0),
	(72,29,44,14,5,4,0,1,9,1,207,145,12.4,1.8,0),
	(73,30,60,14,5,2,1,2,6,4,193,167,5.2,1.2,0),
	(74,31,37,14,5,3,1,1,7,3,190,165,5,1.4,0),
	(75,34,41,14,5,0,3,2,2,8,148,206,-11.6,0.4,0),
	(76,45,3,15,5,0,1,4,4,6,185,201,-3.2,0.8,0),
	(77,19,51,15,5,0,3,2,2,8,168,197,-5.8,0.4,0),
	(78,46,50,15,6,3,1,2,8,4,219,204,2.5,1.333333333,0),
	(79,47,48,15,6,5,0,1,11,1,244,187,9.5,1.833333333,0),
	(80,24,62,15,6,2,3,1,5,7,217,206,1.8333333333333,0.833333333,0),
	(81,25,59,15,5,1,3,1,3,7,176,193,-3.4,0.6,0),
	(82,49,40,15,6,4,2,0,8,4,227,220,1.1666666666667,1.333333333,0),
	(83,26,56,15,6,2,2,2,6,6,232,203,4.8333333333333,1,0),
	(84,52,54,15,5,1,2,2,4,6,160,201,-8.2,0.8,0),
	(85,53,55,15,5,1,3,1,3,7,154,198,-8.8,0.6,0),
	(86,60,61,15,5,2,1,2,6,4,202,174,5.6,1.2,0),
	(87,64,NULL,6,5,2,1,2,6,4,187,170,3.4,1.2,0),
	(88,65,NULL,6,5,2,2,1,5,5,182,176,1.2,1,0),
	(89,66,NULL,6,4,1,3,0,2,6,131,149,-4.5,0.5,0),
	(90,67,NULL,6,5,3,1,1,7,3,196,164,6.4,1.4,0),
	(91,68,NULL,6,4,0,3,1,1,7,113,165,-13,0.25,0),
	(92,69,NULL,6,4,0,2,2,2,6,138,163,-6.25,0.5,0),
	(93,70,NULL,6,5,2,2,1,5,5,179,183,-0.8,1,0),
	(94,71,NULL,6,4,1,1,2,4,4,130,156,-6.5,1,0),
	(95,72,NULL,6,5,2,1,2,6,4,191,168,4.6,1.2,0),
	(96,73,NULL,6,5,1,2,2,4,6,175,190,-3,0.8,0),
	(97,74,NULL,6,4,4,0,0,8,0,168,106,15.5,2,0),
	(98,75,NULL,8,4,1,3,0,2,6,121,164,-10.75,0.5,0),
	(99,76,NULL,8,4,1,3,0,2,6,137,149,-3,0.5,0),
	(100,77,NULL,8,4,0,3,1,1,7,153,164,-2.75,0.25,0),
	(101,78,NULL,8,5,1,2,2,4,6,172,201,-5.8,0.8,0),
	(102,79,NULL,8,4,1,2,1,3,5,141,150,-2.25,0.75,0),
	(104,81,NULL,8,4,2,2,0,4,4,143,140,0.75,1,0),
	(105,82,NULL,8,5,3,1,1,7,3,202,167,7,1.4,0),
	(106,83,NULL,8,5,1,2,2,4,6,184,195,-2.2,0.8,0),
	(107,84,NULL,8,5,2,1,2,6,4,196,193,0.6,1.2,0),
	(108,85,NULL,8,5,2,1,2,6,4,193,181,2.4,1.2,0),
	(109,86,NULL,8,5,3,0,2,8,2,202,174,5.6,1.6,0),
	(110,87,NULL,8,5,2,1,2,6,4,189,166,4.6,1.2,0),
	(111,63,NULL,8,5,3,1,1,7,3,192,181,2.2,1.4,0),
	(113,64,88,10,5,0,2,3,3,7,164,194,-6,0.6,0),
	(114,65,89,10,5,1,3,1,3,7,176,188,-2.4,0.6,0),
	(115,66,85,10,5,1,0,4,6,4,190,185,1,1.2,0),
	(116,74,81,10,6,3,1,2,8,4,231,221,1.6666666666667,1.333333333,0),
	(117,84,67,10,6,2,1,3,7,5,217,230,-2.1666666666667,1.166666666,0),
	(118,68,82,10,5,0,1,4,4,6,186,185,0.2,0.8,0),
	(119,69,80,10,6,3,0,3,9,3,240,197,7.1666666666667,1.5,0),
	(120,70,77,10,6,2,1,3,7,5,233,210,3.8333333333333,1.166666666,0),
	(121,71,76,10,5,1,2,2,4,6,169,193,-4.8,0.8,0),
	(122,72,90,10,6,1,2,3,5,7,224,229,-0.83333333333333,0.833333333,0),
	(123,73,91,10,5,1,2,2,4,6,197,195,0.4,0.8,0),
	(124,87,90,9,4,1,2,1,3,5,147,147,0,0.75,0),
	(125,38,88,9,4,1,2,1,3,5,133,148,-3.75,0.75,0),
	(126,86,42,9,4,0,3,1,1,7,123,163,-10,0.25,0),
	(127,78,83,9,5,4,0,1,9,1,209,149,12,1.8,0),
	(128,89,91,9,5,3,1,1,7,3,198,168,6,1.4,0),
	(129,33,75,9,4,1,3,0,2,6,113,164,-12.75,0.5,0),
	(130,79,92,9,4,2,1,1,5,3,158,142,4,1.25,0),
	(131,93,NULL,1,4,1,2,1,3,5,134,141,-1.75,0.75,0),
	(132,94,NULL,1,4,2,1,1,5,3,164,148,4,1.25,0),
	(133,95,NULL,1,4,0,2,2,2,6,123,162,-9.75,0.5,0),
	(134,96,NULL,1,5,3,0,2,8,2,196,174,4.4,1.6,0),
	(135,97,NULL,1,5,1,1,3,5,5,188,178,2,1,0),
	(136,98,NULL,1,4,1,2,1,3,5,149,158,-2.25,0.75,0),
	(137,99,NULL,1,4,1,1,2,4,4,147,140,1.75,1,0),
	(138,100,NULL,3,3,1,1,1,3,3,107,117,-3.3333333333333,1,0),
	(139,101,NULL,3,3,1,2,0,2,4,115,122,-2.3333333333333,0.666666666,0),
	(140,102,NULL,3,4,1,0,3,5,3,158,133,6.25,1.25,0),
	(141,103,NULL,3,3,0,1,2,2,4,98,119,-7,0.666666666,0),
	(142,104,NULL,3,4,2,0,2,6,2,156,137,4.75,1.5,0),
	(143,105,NULL,3,4,2,1,1,5,3,152,137,3.75,1.25,0),
	(145,107,NULL,3,3,0,2,1,1,5,98,119,-7,0.333333333,0),
	(146,101,96,5,5,1,0,4,6,4,179,183,-0.8,1.2,0),
	(147,108,93,5,5,1,0,4,6,4,196,152,8.8,1.2,0),
	(148,94,107,5,5,1,2,2,4,6,175,198,-4.6,0.8,0),
	(149,102,95,5,6,2,1,3,7,5,227,209,3,1.166666666,0),
	(150,104,97,5,5,0,1,4,4,6,182,196,-2.8,0.8,0),
	(151,98,80,5,5,2,1,2,6,4,194,177,3.4,1.2,0),
	(152,92,99,5,5,0,2,3,3,7,166,204,-7.6,0.6,0),
	(153,100,104,4,4,2,0,2,6,2,162,140,5.5,1.5,0),
	(154,101,80,4,4,1,3,0,2,6,143,163,-5,0.5,0),
	(155,108,105,4,4,1,1,2,4,4,150,151,-0.25,1,0),
	(156,102,103,4,4,1,1,2,4,4,147,148,-0.25,1,0),
	(157,10,1,21,4,2,1,1,5,3,150,145,1.25,1.25,0),
	(158,14,11,21,4,0,3,1,1,7,137,165,-7,0.25,0),
	(159,13,2,21,4,2,1,1,5,3,154,145,2.25,1.25,0),
	(160,12,7,21,4,2,1,1,5,3,160,146,3.5,1.25,0),
	(161,59,NULL,11,2,1,1,0,2,2,65,73,-4,1,0),
	(162,62,NULL,11,2,0,2,0,0,4,54,84,-15,0,0),
	(163,54,NULL,11,1,0,1,0,0,2,31,42,-11,0,0),
	(164,61,NULL,11,2,2,0,0,4,0,84,54,15,2,0),
	(165,55,NULL,11,1,1,0,0,2,0,42,23,19,2,0);

/*!40000 ALTER TABLE `team` ENABLE KEYS */;
UNLOCK TABLES;


# Dump of table user
# ------------------------------------------------------------

DROP TABLE IF EXISTS `user`;

CREATE TABLE `user` (
  `id` int(11) unsigned NOT NULL AUTO_INCREMENT,
  `name` varchar(255) NOT NULL DEFAULT '',
  `club` varchar(255) DEFAULT NULL,
  `postponed` int(1) NOT NULL,
  `email` varchar(255) DEFAULT NULL,
  `veggie` int(1) NOT NULL,
  `arrival_on_friday` int(1) NOT NULL,
  `diner_on_sunday` int(1) NOT NULL,
  PRIMARY KEY (`id`)
) ENGINE=InnoDB AUTO_INCREMENT=109 DEFAULT CHARSET=utf8;

LOCK TABLES `user` WRITE;
/*!40000 ALTER TABLE `user` DISABLE KEYS */;

INSERT INTO `user` (`id`, `name`, `club`, `postponed`, `email`, `veggie`, `arrival_on_friday`, `diner_on_sunday`)
VALUES
	(1,'Wendy Agterberg',NULL,1,NULL,0,0,0),
	(2,'Floortje van Es',NULL,0,NULL,0,0,0),
	(3,'Naomi Silkstone',NULL,1,NULL,0,0,0),
	(4,'Mirjam Walpot',NULL,0,NULL,0,0,0),
	(5,'Eva Sterk',NULL,0,NULL,0,0,0),
	(6,'Annemarie Baars',NULL,0,NULL,0,0,0),
	(7,'Annemieke ter Telgte',NULL,0,NULL,0,0,0),
	(8,'Linsey van Reep',NULL,0,NULL,0,0,0),
	(9,'Rinke de Groot',NULL,0,NULL,0,0,0),
	(10,'Mark Rijsdijk',NULL,0,NULL,0,0,0),
	(11,'Inge Hoytink',NULL,0,NULL,0,0,0),
	(12,'Ewoud Smeur',NULL,0,NULL,0,0,0),
	(13,'Arnold Jorna',NULL,1,NULL,0,0,0),
	(14,'Erik Groeneveld',NULL,0,NULL,0,0,0),
	(19,'Arno van Lambalgen',NULL,0,NULL,0,0,0),
	(20,'Cedric Lau',NULL,0,NULL,0,0,0),
	(21,'David Lam',NULL,1,NULL,0,0,0),
	(22,'Dennis Heasen',NULL,0,NULL,0,0,0),
	(23,'Dennis van der Wal',NULL,0,NULL,0,0,0),
	(24,'Emile Lijbrink',NULL,0,NULL,0,0,0),
	(25,'Erik Houdijk',NULL,0,NULL,0,0,0),
	(26,'Jan Spierings',NULL,0,NULL,0,0,0),
	(27,'Jeroen Salet',NULL,0,NULL,0,0,0),
	(28,'Joris Koek',NULL,0,NULL,0,0,0),
	(29,'Leon Bunschoten',NULL,0,NULL,0,0,0),
	(30,'Lex Buur',NULL,0,NULL,0,0,0),
	(31,'Lokhim Wong',NULL,0,NULL,0,0,0),
	(32,'Maxwell Hessey',NULL,0,NULL,0,0,0),
	(33,'Micha Joosten',NULL,0,NULL,0,0,0),
	(34,'Moni Haque',NULL,1,NULL,0,0,0),
	(35,'Nick Stubbings',NULL,1,NULL,0,0,0),
	(36,'Patrick Dijkhuizen',NULL,1,NULL,0,0,0),
	(37,'Paul van Hoorn',NULL,0,NULL,0,0,0),
	(38,'Reinier Overtoom',NULL,0,NULL,0,0,0),
	(39,'Ruben de Quaasteniet',NULL,0,NULL,0,0,0),
	(40,'Rudie Bruns',NULL,0,NULL,0,0,0),
	(41,'Sharan Sambhwani',NULL,1,NULL,0,0,0),
	(42,'Sjakie Lamee',NULL,0,NULL,0,0,0),
	(43,'Tanweer Ali',NULL,0,NULL,0,0,0),
	(44,'Tim Bogers',NULL,0,NULL,0,0,0),
	(45,'Anindya Sanyal',NULL,1,NULL,0,0,0),
	(46,'Cihan Huseyin Celik',NULL,0,NULL,0,0,0),
	(47,'Corne Brouwer',NULL,0,NULL,0,0,0),
	(48,'Daphne van Zee',NULL,0,NULL,0,0,0),
	(49,'Ilse Hondius',NULL,0,NULL,0,0,0),
	(50,'Ivana Pieters',NULL,0,NULL,0,0,0),
	(51,'Marloes van Lambalgen',NULL,0,NULL,0,0,0),
	(52,'Michiel de Graaf',NULL,0,NULL,0,0,0),
	(53,'Naj Jai Lee',NULL,0,NULL,0,0,0),
	(54,'Nora Assendorp',NULL,0,NULL,0,0,0),
	(55,'Paula Hendrikx',NULL,0,NULL,0,0,0),
	(56,'Sanne Willems',NULL,0,NULL,0,0,0),
	(59,'Sophie Oogden',NULL,0,NULL,0,0,0),
	(60,'Vincent Peters',NULL,0,NULL,0,0,0),
	(61,'Wendy Nieuwdorp',NULL,0,NULL,0,0,0),
	(62,'Yvette Doedegebure',NULL,0,NULL,0,0,0),
	(63,'Rene van Dorland',NULL,0,NULL,0,0,0),
	(64,'Annelies Smout',NULL,0,NULL,0,0,0),
	(65,'Elianne Visser',NULL,0,NULL,0,0,0),
	(66,'Elske Gravensteijn',NULL,0,NULL,0,0,0),
	(67,'Linette Viertelhauzen',NULL,0,NULL,0,0,0),
	(68,'Lorianne Jansen',NULL,0,NULL,0,0,0),
	(69,'Marieke Duin',NULL,0,NULL,0,0,0),
	(70,'Moniek Ringenier',NULL,0,NULL,0,0,0),
	(71,'Prescilla van der Wal',NULL,0,NULL,0,0,0),
	(72,'Ratna Werry',NULL,0,NULL,0,0,0),
	(73,'Roxanne Salet',NULL,0,NULL,0,0,0),
	(74,'Evelien de Moel',NULL,0,NULL,0,0,0),
	(75,'Wouter van Dijk',NULL,0,NULL,0,0,0),
	(76,'Victor Eidemar',NULL,0,NULL,0,0,0),
	(77,'Tim Rienstra',NULL,0,NULL,0,0,0),
	(78,'Sylvain Clerc',NULL,0,NULL,0,0,0),
	(79,'Stefan Hiemstra',NULL,0,NULL,0,0,0),
	(80,'Rens van den Brand',NULL,0,NULL,0,0,0),
	(81,'Patrick Willemse',NULL,0,NULL,0,0,0),
	(82,'Niels Peijenburg',NULL,0,NULL,0,0,0),
	(83,'Johan Theunisse',NULL,0,NULL,0,0,0),
	(84,'Jean-Pierre van der Waal',NULL,0,NULL,0,0,0),
	(85,'Igor Kahvkine',NULL,0,NULL,0,0,0),
	(86,'Hendro Nicasie',NULL,0,NULL,0,0,0),
	(87,'Ariel Sielaff',NULL,0,NULL,0,0,0),
	(88,'Cheung Chi Leung',NULL,0,NULL,0,0,0),
	(89,'Rolf van Zanten',NULL,0,NULL,0,0,0),
	(90,'Tim de Vos',NULL,0,NULL,0,0,0),
	(91,'Mathijs Derks',NULL,0,NULL,0,0,0),
	(92,'Wouter Wolf',NULL,0,NULL,0,0,0),
	(93,'Ilse Leistra',NULL,0,NULL,0,0,0),
	(94,'Ingrid Viertelhuizen',NULL,0,NULL,0,0,0),
	(95,'Karin Buisman',NULL,0,NULL,0,0,0),
	(96,'Katie Brock',NULL,0,NULL,0,0,0),
	(97,'Sandra van der Vlerk',NULL,0,NULL,0,0,0),
	(98,'Yvette Welling',NULL,0,NULL,0,0,0),
	(99,'Yvonne van Lieshout',NULL,0,NULL,0,0,0),
	(100,'Anton van Rooij',NULL,0,NULL,0,0,0),
	(101,'Arjen Eerden',NULL,0,NULL,0,0,0),
	(102,'Joost de Ridder',NULL,0,NULL,0,0,0),
	(103,'Jurjen van Pelt',NULL,0,NULL,0,0,0),
	(104,'Ka-Wing Lee',NULL,0,NULL,0,0,0),
	(105,'Martijn de Kooter',NULL,0,NULL,0,0,0),
	(107,'Yorick Buijs',NULL,0,NULL,0,0,0),
	(108,'Felix Claessen',NULL,0,NULL,0,0,0);

/*!40000 ALTER TABLE `user` ENABLE KEYS */;
UNLOCK TABLES;



/*!40111 SET SQL_NOTES=@OLD_SQL_NOTES */;
/*!40101 SET SQL_MODE=@OLD_SQL_MODE */;
/*!40014 SET FOREIGN_KEY_CHECKS=@OLD_FOREIGN_KEY_CHECKS */;
/*!40101 SET CHARACTER_SET_CLIENT=@OLD_CHARACTER_SET_CLIENT */;
/*!40101 SET CHARACTER_SET_RESULTS=@OLD_CHARACTER_SET_RESULTS */;
/*!40101 SET COLLATION_CONNECTION=@OLD_COLLATION_CONNECTION */;
