# ************************************************************
# Sequel Pro SQL dump
# Version 4004
#
# http://www.sequelpro.com/
# http://code.google.com/p/sequel-pro/
#
# Host: 127.0.0.1 (MySQL 5.5.25a)
# Database: isbt
# Generation Time: 2013-03-02 08:56:53 +0000
# ************************************************************


/*!40101 SET @OLD_CHARACTER_SET_CLIENT=@@CHARACTER_SET_CLIENT */;
/*!40101 SET @OLD_CHARACTER_SET_RESULTS=@@CHARACTER_SET_RESULTS */;
/*!40101 SET @OLD_COLLATION_CONNECTION=@@COLLATION_CONNECTION */;
/*!40101 SET NAMES utf8 */;
/*!40014 SET @OLD_FOREIGN_KEY_CHECKS=@@FOREIGN_KEY_CHECKS, FOREIGN_KEY_CHECKS=0 */;
/*!40101 SET @OLD_SQL_MODE=@@SQL_MODE, SQL_MODE='NO_AUTO_VALUE_ON_ZERO' */;
/*!40111 SET @OLD_SQL_NOTES=@@SQL_NOTES, SQL_NOTES=0 */;


# Dump of table category
# ------------------------------------------------------------

DROP TABLE IF EXISTS `category`;

CREATE TABLE `category` (
  `id` int(11) unsigned NOT NULL AUTO_INCREMENT,
  `name` varchar(255) NOT NULL DEFAULT '',
  `level` varchar(10) NOT NULL DEFAULT '',
  PRIMARY KEY (`id`)
) ENGINE=InnoDB AUTO_INCREMENT=13 DEFAULT CHARSET=utf8;

LOCK TABLES `category` WRITE;
/*!40000 ALTER TABLE `category` DISABLE KEYS */;

INSERT INTO `category` (`id`, `name`, `level`)
VALUES
	(1,'Ladies Single','A'),
	(2,'Ladies Double','A'),
	(3,'Mens Single','A'),
	(4,'Mens Double','A'),
	(5,'Mix Double','A'),
	(6,'Ladies Single','B'),
	(7,'Ladies Double','B'),
	(8,'Mens Single','B'),
	(9,'Mens Double','B'),
	(10,'poule is kapot','C'),
	(11,'Sylvain','D'),
	(12,'bitch please?','D');

/*!40000 ALTER TABLE `category` ENABLE KEYS */;
UNLOCK TABLES;


# Dump of table court
# ------------------------------------------------------------

DROP TABLE IF EXISTS `court`;

CREATE TABLE `court` (
  `id` int(11) unsigned NOT NULL AUTO_INCREMENT,
  `number` int(11) NOT NULL,
  `locked` int(11) NOT NULL,
  PRIMARY KEY (`id`)
) ENGINE=InnoDB AUTO_INCREMENT=16 DEFAULT CHARSET=utf8;

LOCK TABLES `court` WRITE;
/*!40000 ALTER TABLE `court` DISABLE KEYS */;

INSERT INTO `court` (`id`, `number`, `locked`)
VALUES
	(1,1,0),
	(2,2,0),
	(3,3,0),
	(4,4,0),
	(5,5,0),
	(6,6,0),
	(7,7,0),
	(8,8,0),
	(9,9,0),
	(10,10,0),
	(11,11,0),
	(12,12,0),
	(13,13,0),
	(14,14,0),
	(15,15,0);

/*!40000 ALTER TABLE `court` ENABLE KEYS */;
UNLOCK TABLES;


# Dump of table match
# ------------------------------------------------------------

DROP TABLE IF EXISTS `match`;

CREATE TABLE `match` (
  `id` int(11) unsigned NOT NULL AUTO_INCREMENT,
  `team1` int(11) NOT NULL,
  `team2` int(11) NOT NULL,
  `round` int(11) NOT NULL,
  `status` int(11) NOT NULL,
  `team1_set1_score` int(11) DEFAULT NULL,
  `team1_set2_score` int(11) DEFAULT NULL,
  `team1_set3_score` int(11) DEFAULT NULL,
  `team2_set1_score` int(11) DEFAULT NULL,
  `team2_set2_score` int(11) DEFAULT NULL,
  `team2_set3_score` int(11) DEFAULT NULL,
  `start_time` datetime DEFAULT NULL,
  `end_time` datetime DEFAULT NULL,
  `court` int(11) DEFAULT NULL,
  PRIMARY KEY (`id`)
) ENGINE=InnoDB AUTO_INCREMENT=313 DEFAULT CHARSET=utf8;

LOCK TABLES `match` WRITE;
/*!40000 ALTER TABLE `match` DISABLE KEYS */;

INSERT INTO `match` (`id`, `team1`, `team2`, `round`, `status`, `team1_set1_score`, `team1_set2_score`, `team1_set3_score`, `team2_set1_score`, `team2_set2_score`, `team2_set3_score`, `start_time`, `end_time`, `court`)
VALUES
	(1,21,35,1,4,21,21,0,5,10,0,'2013-02-25 20:54:34','2013-02-25 21:00:11',NULL),
	(2,34,33,1,4,18,56,0,21,21,0,'2013-02-25 20:54:42','2013-02-25 21:07:07',NULL),
	(3,32,31,1,4,11,11,0,34,21,0,'2013-02-25 20:54:46','2013-02-25 21:11:13',NULL),
	(4,30,29,1,4,21,21,0,2,1,0,'2013-02-25 20:55:20','2013-02-25 21:11:24',NULL),
	(5,28,27,1,4,11,1,0,21,21,0,'2013-02-25 20:55:43','2013-02-25 21:06:56',NULL),
	(6,26,25,1,4,21,21,0,1,-1,0,'2013-02-25 20:54:51','2013-02-25 21:11:29',NULL),
	(7,24,23,1,4,4,7,0,21,21,0,'2013-02-25 20:54:45','2013-02-25 21:04:38',NULL),
	(8,22,36,1,4,12,21,0,21,4,0,'2013-02-25 20:54:33','2013-02-25 21:03:23',NULL),
	(15,37,38,1,4,21,21,0,3,3,0,'2013-02-25 20:58:40','2013-02-25 21:08:52',NULL),
	(16,39,40,1,4,21,21,0,12,14,0,'2013-02-25 21:02:10','2013-02-25 21:11:05',NULL),
	(17,41,42,1,4,21,12,0,2,21,0,'2013-02-25 20:59:29','2013-02-25 21:07:49',NULL),
	(18,43,44,1,4,98,22,0,12,67,0,'2013-02-25 20:59:14','2013-02-25 21:10:28',NULL),
	(19,45,-1,1,4,NULL,NULL,NULL,NULL,NULL,NULL,NULL,NULL,NULL),
	(20,21,34,2,4,21,21,0,2,4,0,'2013-02-25 21:17:34','2013-02-25 21:31:44',NULL),
	(21,35,33,2,4,21,21,0,24,1,0,'2013-02-25 21:17:40','2013-02-25 21:36:02',NULL),
	(22,32,30,2,4,34,1,0,34,2,0,'2013-02-25 21:17:44','2013-02-25 21:27:25',NULL),
	(23,31,29,2,4,23,21,0,1,0,0,'2013-02-25 21:17:48','2013-02-25 21:22:13',NULL),
	(24,28,26,2,4,11,33,0,21,21,0,'2013-02-25 21:17:52','2013-02-25 21:27:45',NULL),
	(25,27,25,2,4,21,14,0,4,21,0,'2013-02-25 21:21:57','2013-02-25 21:36:36',NULL),
	(26,24,22,2,4,24,99,0,1,21,0,'2013-02-25 21:22:13','2013-02-25 21:24:36',NULL),
	(27,23,36,2,4,2,4,0,21,21,0,'2013-02-25 21:22:20','2013-02-25 21:31:06',NULL),
	(28,45,37,2,4,12,4,0,21,21,0,'2013-02-25 21:15:31','2013-02-25 21:33:32',NULL),
	(29,38,39,2,4,21,21,0,19,8,0,'2013-02-25 21:45:51','2013-02-25 22:20:43',NULL),
	(30,40,41,2,4,21,21,0,2,5,0,'2013-02-25 21:19:33','2013-02-25 21:30:19',NULL),
	(31,42,43,2,4,21,21,0,2,2,0,'2013-02-25 21:22:26','2013-02-25 21:30:40',NULL),
	(32,44,-1,2,4,NULL,NULL,NULL,NULL,NULL,NULL,NULL,NULL,NULL),
	(39,15,16,1,4,21,21,0,15,13,0,'2013-02-25 21:27:04','2013-02-25 21:28:31',NULL),
	(40,17,18,1,4,13,21,0,21,19,0,'2013-02-25 21:27:11','2013-02-25 21:29:02',NULL),
	(41,19,20,1,4,21,21,0,20,11,0,'2013-02-25 21:29:05','2013-02-25 21:29:30',NULL),
	(48,15,17,2,4,21,21,0,18,13,0,'2013-02-25 21:43:10','2013-02-25 21:43:35',NULL),
	(49,16,19,2,4,11,13,0,21,21,0,'2013-02-25 21:43:40','2013-02-25 21:44:15',NULL),
	(50,18,20,2,4,21,21,0,17,17,0,'2013-02-25 21:44:21','2013-02-25 21:45:00',NULL),
	(51,119,130,1,4,21,21,0,19,19,0,'2013-02-25 21:33:17','2013-02-25 21:53:03',NULL),
	(52,131,132,1,4,21,21,0,20,20,0,'2013-02-25 21:33:23','2013-02-25 21:43:31',NULL),
	(53,133,134,1,4,21,21,0,10,8,0,'2013-02-25 21:33:29','2013-02-25 21:44:12',NULL),
	(54,135,136,1,4,21,21,0,10,10,0,'2013-02-25 21:33:33','2013-02-25 21:46:51',NULL),
	(55,137,129,1,4,21,21,0,19,19,0,'2013-02-25 21:34:09','2013-02-25 21:47:23',NULL),
	(56,128,120,1,4,12,16,0,21,21,0,'2013-02-25 21:33:38','2013-02-25 21:45:07',NULL),
	(57,121,122,1,4,12,21,0,21,19,0,'2013-02-25 21:37:58','2013-02-25 21:43:04',NULL),
	(58,123,124,1,4,21,9,0,9,21,0,'2013-02-25 21:33:45','2013-02-25 21:47:06',NULL),
	(59,125,126,1,4,21,21,0,19,19,0,'2013-02-25 21:33:51','2013-02-25 21:47:15',NULL),
	(60,127,138,1,4,21,21,0,18,18,0,'2013-02-25 21:47:39','2013-02-25 21:47:55',NULL),
	(61,21,33,3,4,21,21,0,2,2,0,'2013-02-25 21:45:44','2013-02-25 21:47:10',NULL),
	(62,35,34,3,4,21,21,0,2,2,0,'2013-02-25 21:40:05','2013-02-25 21:40:37',NULL),
	(63,32,29,3,4,21,22,0,12,11,0,'2013-02-25 21:42:14','2013-02-25 21:46:31',NULL),
	(64,31,30,3,4,44,32,0,21,21,0,'2013-02-25 21:45:31','2013-02-25 21:46:43',NULL),
	(65,28,25,3,4,21,21,0,3,78,0,'2013-02-25 21:40:44','2013-02-25 21:40:57',NULL),
	(66,27,26,3,4,21,21,0,3,4,0,'2013-02-25 21:41:31','2013-02-25 21:41:58',NULL),
	(67,24,36,3,4,21,21,0,5,9,0,'2013-02-25 21:41:05','2013-02-25 21:41:25',NULL),
	(68,23,22,3,4,21,23,0,2,21,0,'2013-02-25 21:45:35','2013-02-25 21:46:59',NULL),
	(69,1,12,1,4,21,21,0,16,18,0,'2013-02-25 22:18:42','2013-02-25 22:20:23',NULL),
	(70,11,10,1,4,13,16,0,21,21,0,'2013-02-25 22:18:45','2013-02-25 22:20:50',NULL),
	(71,9,8,1,4,21,21,0,19,10,0,'2013-02-25 22:18:48','2013-02-25 22:21:06',NULL),
	(72,7,6,1,4,9,14,0,21,21,0,'2013-02-25 22:18:51','2013-02-25 22:21:20',NULL),
	(73,5,4,1,4,21,21,0,18,11,0,'2013-02-25 22:18:55','2013-02-25 22:21:37',NULL),
	(74,3,2,1,4,21,21,0,15,8,0,'2013-02-25 22:18:59','2013-02-25 22:21:54',NULL),
	(75,13,-1,1,4,NULL,NULL,NULL,NULL,NULL,NULL,NULL,NULL,NULL),
	(76,15,20,3,4,21,21,0,14,9,0,'2013-02-25 21:54:06','2013-02-25 21:54:28',NULL),
	(77,16,18,3,4,19,16,0,21,21,0,'2013-02-25 21:54:34','2013-02-25 21:54:58',NULL),
	(78,17,19,3,4,21,21,0,11,18,0,'2013-02-25 21:55:04','2013-02-25 21:55:20',NULL),
	(79,21,32,4,4,NULL,NULL,NULL,NULL,NULL,NULL,'2013-02-25 21:48:25','2013-02-25 21:50:01',NULL),
	(80,35,31,4,4,22,42,0,4,1,0,'2013-02-25 21:48:30','2013-02-25 21:49:50',NULL),
	(81,34,30,4,4,21,21,0,2,2,0,'2013-02-25 21:48:20','2013-02-25 21:49:40',NULL),
	(82,33,29,4,4,NULL,NULL,NULL,NULL,NULL,NULL,'2013-02-25 21:48:34','2013-02-25 21:50:50',NULL),
	(83,28,24,4,4,NULL,NULL,NULL,NULL,NULL,NULL,'2013-02-25 21:48:38','2013-02-25 21:50:57',NULL),
	(84,27,23,4,4,NULL,NULL,NULL,NULL,NULL,NULL,'2013-02-25 21:48:45','2013-02-25 21:51:03',NULL),
	(85,26,22,4,4,NULL,NULL,NULL,NULL,NULL,NULL,'2013-02-25 21:48:50','2013-02-25 21:51:09',NULL),
	(86,25,36,4,4,21,2,0,2,2,0,'2013-02-25 21:48:15','2013-02-25 21:49:27',NULL),
	(87,21,31,5,4,NULL,NULL,NULL,NULL,NULL,NULL,'2013-02-25 22:04:42','2013-02-25 22:08:13',NULL),
	(88,35,32,5,4,21,21,0,1,1,0,'2013-02-25 22:04:20','2013-02-25 22:06:25',NULL),
	(89,34,29,5,4,1,21,0,21,1,0,'2013-02-25 22:04:25','2013-02-25 22:06:47',NULL),
	(90,33,30,5,4,1,21,0,1,12,0,'2013-02-25 22:04:28','2013-02-25 22:07:06',NULL),
	(91,28,23,5,4,21,12,0,21,21,0,'2013-02-25 22:04:33','2013-02-25 22:07:49',NULL),
	(92,27,24,5,4,11,21,0,21,22,0,'2013-02-25 22:04:37','2013-02-25 22:07:59',NULL),
	(93,26,36,5,4,21,11,0,21,21,0,'2013-02-25 22:04:49','2013-02-25 22:08:56',NULL),
	(94,25,22,5,4,21,21,0,1,1,0,'2013-02-25 22:04:57','2013-02-25 22:05:43',NULL),
	(95,119,131,2,4,NULL,NULL,NULL,NULL,NULL,NULL,'2013-02-25 21:55:29','2013-02-25 21:56:40',NULL),
	(96,130,132,2,4,NULL,NULL,NULL,NULL,NULL,NULL,'2013-02-25 21:55:35','2013-02-25 21:56:34',NULL),
	(97,133,135,2,4,NULL,NULL,NULL,NULL,NULL,NULL,'2013-02-25 21:55:30','2013-02-25 21:56:23',NULL),
	(98,134,136,2,4,NULL,NULL,NULL,NULL,NULL,NULL,'2013-02-25 21:55:35','2013-02-25 21:56:45',NULL),
	(99,137,128,2,4,NULL,NULL,NULL,NULL,NULL,NULL,'2013-02-25 21:55:47','2013-02-25 21:56:59',NULL),
	(100,129,120,2,4,NULL,NULL,NULL,NULL,NULL,NULL,'2013-02-25 21:55:52','2013-02-25 21:57:12',NULL),
	(101,121,123,2,4,NULL,NULL,NULL,NULL,NULL,NULL,'2013-02-25 21:55:43','2013-02-25 21:56:46',NULL),
	(102,122,124,2,4,NULL,NULL,NULL,NULL,NULL,NULL,'2013-02-25 21:55:49','2013-02-25 21:57:06',NULL),
	(103,125,127,2,4,NULL,NULL,NULL,NULL,NULL,NULL,'2013-02-25 21:55:39','2013-02-25 21:56:53',NULL),
	(104,126,138,2,4,NULL,NULL,NULL,NULL,NULL,NULL,'2013-02-25 21:55:53','2013-02-25 21:57:07',NULL),
	(105,15,20,4,4,21,21,0,17,19,0,'2013-02-25 22:03:29','2013-02-25 22:03:47',NULL),
	(106,16,19,4,4,21,21,0,12,18,0,'2013-02-25 22:03:53','2013-02-25 22:04:12',NULL),
	(107,17,18,4,4,21,16,0,15,21,0,'2013-02-25 22:04:17','2013-02-25 22:04:51',NULL),
	(108,119,132,3,4,21,12,0,12,21,0,'2013-02-25 22:21:07','2013-02-25 22:21:45',NULL),
	(109,130,131,3,4,21,21,0,12,12,0,'2013-02-25 22:21:10','2013-02-25 22:21:56',NULL),
	(110,133,136,3,4,21,21,0,19,19,0,'2013-02-25 22:01:01','2013-02-25 22:20:15',NULL),
	(111,134,135,3,4,21,21,0,19,19,0,'2013-02-25 22:01:59','2013-02-25 22:20:27',NULL),
	(112,137,120,3,4,21,21,0,8,8,0,'2013-02-25 22:10:17','2013-02-25 22:20:53',NULL),
	(113,129,128,3,4,21,21,0,10,10,0,'2013-02-25 22:21:13','2013-02-25 22:24:03',NULL),
	(114,121,124,3,4,21,12,0,12,21,0,'2013-02-25 22:21:16','2013-02-25 22:22:32',NULL),
	(115,122,123,3,4,21,21,0,12,12,0,'2013-02-25 22:21:26','2013-02-25 22:22:17',NULL),
	(116,125,138,3,4,21,12,0,12,21,0,'2013-02-25 22:21:29','2013-02-25 22:22:43',NULL),
	(117,126,127,3,4,21,12,0,12,21,0,'2013-02-25 22:21:31','2013-02-25 22:22:52',NULL),
	(124,15,20,5,4,18,15,0,21,21,0,'2013-02-25 22:06:23','2013-02-25 22:06:47',NULL),
	(125,16,19,5,4,21,21,0,14,17,0,'2013-02-25 22:06:54','2013-02-25 22:07:30',NULL),
	(126,17,18,5,4,21,21,0,14,13,0,'2013-02-25 22:07:36','2013-02-25 22:08:33',NULL),
	(133,21,30,6,4,9,99,0,99,99,0,'2013-02-25 22:11:51','2013-02-25 22:16:27',NULL),
	(134,35,29,6,4,21,21,0,1,21,0,'2013-02-25 22:11:44','2013-02-25 22:16:50',NULL),
	(135,34,32,6,4,21,21,0,1,1,0,'2013-02-25 22:11:49','2013-02-25 22:15:48',NULL),
	(136,33,31,6,4,1,21,0,1,10,0,'2013-02-25 22:11:56','2013-02-25 22:16:42',NULL),
	(137,28,22,6,4,21,21,0,12,12,0,'2013-02-25 22:12:01','2013-02-25 22:16:34',NULL),
	(138,27,36,6,4,99,99,0,99,99,0,'2013-02-25 22:12:05','2013-02-25 22:16:19',NULL),
	(139,26,24,6,4,21,21,0,21,21,0,'2013-02-25 22:12:11','2013-02-25 22:16:11',NULL),
	(140,25,23,6,4,12,21,0,12,14,0,'2013-02-25 22:12:15','2013-02-25 22:17:00',NULL),
	(141,21,29,7,4,21,21,0,1,1,0,'2013-02-25 22:50:57','2013-02-25 22:56:08',NULL),
	(142,35,30,7,4,12,21,0,21,12,0,'2013-02-25 22:24:16','2013-02-25 22:25:30',NULL),
	(143,34,31,7,4,21,13,0,13,21,0,'2013-02-25 22:24:19','2013-02-25 22:25:40',NULL),
	(144,33,32,7,4,21,21,0,19,19,0,'2013-02-25 22:24:22','2013-02-25 22:43:54',NULL),
	(145,28,36,7,4,21,12,0,12,21,0,'2013-02-25 22:24:53','2013-02-25 22:45:51',NULL),
	(146,27,22,7,4,21,21,0,21,12,0,'2013-02-25 22:24:56','2013-02-25 22:44:36',NULL),
	(147,26,23,7,4,21,18,0,12,21,0,'2013-02-25 22:24:59','2013-02-25 22:44:48',NULL),
	(148,25,24,7,4,21,21,0,19,19,0,'2013-02-25 22:25:01','2013-02-25 22:41:35',NULL),
	(149,13,12,2,4,21,12,0,16,21,0,'2013-02-25 22:24:13','2013-02-25 22:26:21',NULL),
	(150,11,9,2,4,16,12,0,21,21,0,'2013-02-25 22:24:31','2013-02-25 22:26:52',NULL),
	(151,10,8,2,4,21,21,0,7,9,0,'2013-02-25 22:24:35','2013-02-25 22:27:21',NULL),
	(152,7,5,2,4,21,21,0,17,10,0,'2013-02-25 22:24:39','2013-02-25 22:27:39',NULL),
	(153,6,3,2,4,14,17,0,21,21,0,'2013-02-25 22:24:44','2013-02-25 22:27:57',NULL),
	(154,4,2,2,4,21,19,0,19,21,0,'2013-02-25 22:24:45','2013-02-25 22:28:27',NULL),
	(155,1,-1,2,4,NULL,NULL,NULL,NULL,NULL,NULL,NULL,NULL,NULL),
	(156,44,45,3,4,21,21,0,19,19,0,'2013-02-25 22:51:05','2013-02-25 22:56:31',NULL),
	(157,37,39,3,4,21,21,0,10,19,0,'2013-02-25 22:51:08','2013-02-25 22:56:48',NULL),
	(158,38,41,3,4,12,19,0,21,21,0,'2013-02-25 22:51:12','2013-02-25 22:56:18',NULL),
	(159,40,42,3,4,21,21,0,10,10,0,'2013-02-25 22:25:06','2013-02-25 22:41:20',NULL),
	(160,43,-1,3,4,NULL,NULL,NULL,NULL,NULL,NULL,NULL,NULL,NULL),
	(161,1,13,3,4,21,21,0,11,18,0,'2013-02-25 22:29:13','2013-02-25 22:32:03',NULL),
	(162,3,12,3,4,21,16,0,18,21,0,'2013-02-25 22:29:27','2013-02-25 22:33:43',NULL),
	(163,11,8,3,4,21,21,0,17,14,0,'2013-02-25 22:29:24','2013-02-25 22:33:20',NULL),
	(164,10,9,3,4,21,21,0,19,14,0,'2013-02-25 22:29:30','2013-02-25 22:34:01',NULL),
	(165,2,5,3,4,13,21,0,21,19,0,'2013-02-25 22:29:16','2013-02-25 22:32:29',NULL),
	(166,6,4,3,4,7,11,0,21,21,0,'2013-02-25 22:29:20','2013-02-25 22:32:55',NULL),
	(167,7,-1,3,4,NULL,NULL,NULL,NULL,NULL,NULL,NULL,NULL,NULL),
	(168,1,7,4,4,21,21,0,11,18,0,'2013-02-25 22:34:25','2013-02-25 22:36:47',NULL),
	(169,13,11,4,4,6,12,0,21,21,0,'2013-02-25 22:34:28','2013-02-25 22:37:08',NULL),
	(170,12,10,4,4,21,21,0,11,15,0,'2013-02-25 22:34:32','2013-02-25 22:37:28',NULL),
	(171,9,2,4,4,21,21,0,12,19,0,'2013-02-25 22:34:46','2013-02-25 22:37:42',NULL),
	(172,8,4,4,4,21,21,0,19,19,0,'2013-02-25 22:34:51','2013-02-25 22:38:01',NULL),
	(173,6,5,4,4,17,21,0,21,14,0,'2013-02-25 22:34:55','2013-02-25 22:38:15',NULL),
	(174,3,-1,4,4,NULL,NULL,NULL,NULL,NULL,NULL,NULL,NULL,NULL),
	(175,1,3,5,4,21,21,0,15,5,0,'2013-02-25 22:40:30','2013-02-25 22:42:17',NULL),
	(176,7,13,5,4,13,17,0,21,21,0,'2013-02-25 22:40:34','2013-02-25 22:42:31',NULL),
	(177,12,11,5,4,21,21,0,16,13,0,'2013-02-25 22:40:21','2013-02-25 22:41:08',NULL),
	(178,10,2,5,4,21,21,0,17,8,0,'2013-02-25 22:40:27','2013-02-25 22:41:46',NULL),
	(179,9,6,5,4,15,13,0,21,21,0,'2013-02-25 22:40:23','2013-02-25 22:41:26',NULL),
	(180,8,5,5,4,21,21,0,17,14,0,'2013-02-25 22:40:27','2013-02-25 22:42:02',NULL),
	(181,4,-1,5,4,NULL,NULL,NULL,NULL,NULL,NULL,NULL,NULL,NULL),
	(182,1,4,6,4,21,21,0,16,14,0,'2013-02-25 22:44:54','2013-02-25 22:45:54',NULL),
	(183,7,3,6,4,17,21,0,21,13,0,'2013-02-25 22:45:04','2013-02-25 22:47:59',NULL),
	(184,13,6,6,4,18,16,0,21,21,0,'2013-02-25 22:44:57','2013-02-25 22:46:55',NULL),
	(185,2,11,6,4,21,21,0,17,16,0,'2013-02-25 22:45:01','2013-02-25 22:47:25',NULL),
	(186,8,12,6,4,21,21,0,15,15,0,'2013-02-25 22:45:10','2013-02-25 22:48:43',NULL),
	(187,5,10,6,4,21,21,0,20,16,0,'2013-02-25 22:45:07','2013-02-25 22:48:20',NULL),
	(188,9,-1,6,4,NULL,NULL,NULL,NULL,NULL,NULL,NULL,NULL,NULL),
	(195,1,9,7,4,21,21,0,17,14,0,'2013-02-25 22:49:06','2013-02-25 22:53:43',NULL),
	(196,7,4,7,4,17,21,0,21,7,0,'2013-02-25 22:49:09','2013-02-25 22:54:00',NULL),
	(197,3,13,7,4,21,21,0,18,19,0,'2013-02-25 22:49:11','2013-02-25 22:54:14',NULL),
	(198,5,11,7,4,21,21,0,19,17,0,'2013-02-25 22:49:16','2013-02-25 22:54:30',NULL),
	(199,6,10,7,4,21,18,0,12,21,0,'2013-02-25 22:49:19','2013-02-25 22:54:52',NULL),
	(200,8,2,7,4,21,21,0,19,16,0,'2013-02-25 22:49:22','2013-02-25 22:55:09',NULL),
	(201,12,-1,7,4,NULL,NULL,NULL,NULL,NULL,NULL,NULL,NULL,NULL),
	(202,99,100,1,4,21,21,0,1,1,0,'2013-02-25 22:57:15','2013-02-25 23:09:25',NULL),
	(203,101,102,1,4,12,18,0,21,21,0,'2013-02-25 22:58:02','2013-02-25 23:11:17',NULL),
	(204,103,104,1,4,21,21,0,10,10,0,'2013-02-25 23:11:37','2013-02-25 23:12:34',NULL),
	(205,105,106,1,4,21,21,0,10,19,0,'2013-02-25 23:11:49','2013-02-25 23:18:07',NULL),
	(206,84,96,1,4,21,21,0,10,10,0,'2013-02-25 23:11:45','2013-02-25 23:14:12',NULL),
	(207,95,94,1,4,21,21,0,19,19,0,'2013-02-25 23:11:53','2013-02-25 23:18:18',NULL),
	(208,93,92,1,4,21,18,0,12,21,0,'2013-02-25 22:58:35','2013-02-25 23:10:47',NULL),
	(209,91,90,1,4,21,12,0,12,21,0,'2013-02-25 22:58:40','2013-02-25 23:10:34',NULL),
	(210,89,88,1,4,21,21,0,19,19,0,'2013-02-25 22:58:03','2013-02-25 23:11:29',NULL),
	(211,87,86,1,4,21,12,0,12,21,0,'2013-02-25 22:58:00','2013-02-25 23:10:18',NULL),
	(212,85,97,1,4,21,12,0,12,21,0,'2013-02-25 22:57:16','2013-02-25 23:10:07',NULL),
	(213,1,5,8,4,21,16,0,17,21,0,'2013-02-25 22:56:33','2013-02-25 22:58:09',NULL),
	(214,12,7,8,4,21,21,0,18,13,0,'2013-02-25 22:56:17','2013-02-25 22:56:54',NULL),
	(215,9,4,8,4,14,19,0,21,21,0,'2013-02-25 22:56:21','2013-02-25 22:57:48',NULL),
	(216,3,8,8,4,15,16,0,21,21,0,'2013-02-25 22:56:19','2013-02-25 22:57:12',NULL),
	(217,13,10,8,4,21,21,0,18,18,0,'2013-02-25 22:56:28','2013-02-25 22:58:41',NULL),
	(218,6,11,8,4,21,21,0,12,19,0,'2013-02-25 22:56:24','2013-02-25 22:58:25',NULL),
	(219,2,-1,8,4,NULL,NULL,NULL,NULL,NULL,NULL,NULL,NULL,NULL),
	(220,1,2,9,4,17,21,0,21,19,0,'2013-02-25 23:00:41','2013-02-25 23:01:22',NULL),
	(221,12,4,9,4,21,21,0,17,11,0,'2013-02-25 23:00:46','2013-02-25 23:01:37',NULL),
	(222,9,7,9,4,21,21,0,18,19,0,'2013-02-25 23:01:03','2013-02-25 23:02:50',NULL),
	(223,3,10,9,4,12,15,0,21,21,0,'2013-02-25 23:00:56','2013-02-25 23:02:12',NULL),
	(224,13,5,9,4,2,11,0,21,21,0,'2013-02-25 23:00:59','2013-02-25 23:02:36',NULL),
	(225,6,8,9,4,21,21,0,15,15,0,'2013-02-25 23:00:52','2013-02-25 23:01:53',NULL),
	(226,11,-1,9,4,NULL,NULL,NULL,NULL,NULL,NULL,NULL,NULL,NULL),
	(227,107,117,2,4,13,21,0,21,13,0,'2013-02-25 23:01:15','2013-02-25 23:02:20',NULL),
	(228,116,115,2,4,15,15,0,21,21,0,'2013-02-25 23:01:19','2013-02-25 23:02:55',NULL),
	(229,114,113,2,4,1,21,0,21,1,0,'2013-02-25 23:03:06','2013-02-25 23:04:51',NULL),
	(230,112,111,2,4,3,21,0,21,3,0,'2013-02-25 23:03:03','2013-02-25 23:04:25',NULL),
	(231,110,109,2,4,21,21,0,9,9,0,'2013-02-25 23:03:10','2013-02-25 23:05:26',NULL),
	(232,108,118,2,4,17,17,0,21,21,0,'2013-02-25 23:03:00','2013-02-25 23:03:44',NULL),
	(233,1,11,10,4,21,21,0,14,10,0,'2013-02-25 23:05:25','2013-02-25 23:06:14',NULL),
	(234,12,9,10,4,21,21,0,18,16,0,'2013-02-25 23:05:29','2013-02-25 23:06:28',NULL),
	(235,7,8,10,4,21,15,0,18,21,0,'2013-02-25 23:05:33','2013-02-25 23:06:44',NULL),
	(236,4,13,10,4,17,16,0,21,21,0,'2013-02-25 23:05:37','2013-02-25 23:07:00',NULL),
	(237,3,5,10,4,21,21,0,16,16,0,'2013-02-25 23:05:43','2013-02-25 23:07:20',NULL),
	(238,2,6,10,4,12,8,0,21,21,0,'2013-02-25 23:05:48','2013-02-25 23:07:37',NULL),
	(239,10,-1,10,4,NULL,NULL,NULL,NULL,NULL,NULL,NULL,NULL,NULL),
	(240,107,116,3,4,17,13,0,21,21,0,'2013-02-25 23:06:30','2013-02-25 23:09:21',NULL),
	(241,117,115,3,4,5,4,0,21,21,0,'2013-02-25 23:06:36','2013-02-25 23:08:08',NULL),
	(242,114,112,3,4,17,21,0,21,17,0,'2013-02-25 23:06:33','2013-02-25 23:07:32',NULL),
	(243,113,111,3,4,7,21,0,21,7,0,'2013-02-25 23:06:40','2013-02-25 23:08:40',NULL),
	(244,110,108,3,4,17,17,0,21,21,0,'2013-02-25 23:09:27','2013-02-25 23:10:58',NULL),
	(245,109,118,3,4,15,21,0,21,14,0,'2013-02-25 23:09:32','2013-02-25 23:10:16',NULL),
	(246,1,8,11,4,21,21,0,18,17,0,'2013-02-25 23:09:58','2013-02-25 23:10:58',NULL),
	(247,12,5,11,4,21,21,0,18,16,0,'2013-02-25 23:10:03','2013-02-25 23:11:34',NULL),
	(248,11,3,11,4,13,15,0,21,21,0,'2013-02-25 23:10:08','2013-02-25 23:11:50',NULL),
	(249,10,4,11,4,21,21,0,8,7,0,'2013-02-25 23:10:12','2013-02-25 23:12:09',NULL),
	(250,9,13,11,4,21,21,0,18,16,0,'2013-02-25 23:10:16','2013-02-25 23:12:25',NULL),
	(251,7,2,11,4,17,21,0,21,13,0,'2013-02-25 23:10:20','2013-02-25 23:11:13',NULL),
	(252,6,-1,11,4,NULL,NULL,NULL,NULL,NULL,NULL,NULL,NULL,NULL),
	(253,107,115,4,4,13,21,0,21,13,0,'2013-02-25 23:19:10','2013-02-25 23:20:39',NULL),
	(254,117,116,4,4,11,1,0,21,21,0,'2013-02-25 23:19:18','2013-02-25 23:21:47',NULL),
	(255,114,111,4,4,21,3,0,10,21,0,'2013-02-25 23:19:22','2013-02-25 23:22:19',NULL),
	(256,113,112,4,4,20,13,0,21,21,0,'2013-02-25 23:19:27','2013-02-25 23:22:50',NULL),
	(257,110,118,4,4,12,3,0,21,21,0,'2013-02-25 23:19:35','2013-02-25 23:23:21',NULL),
	(258,109,108,4,4,21,16,0,18,21,0,'2013-02-25 23:19:39','2013-02-25 23:23:48',NULL),
	(259,1,6,12,4,21,21,0,17,13,0,'2013-02-25 23:13:19','2013-02-25 23:14:43',NULL),
	(260,12,2,12,4,21,21,0,13,13,0,'2013-02-25 23:13:23','2013-02-25 23:15:00',NULL),
	(261,11,4,12,4,21,21,0,8,9,0,'2013-02-25 23:13:17','2013-02-25 23:14:13',NULL),
	(262,10,7,12,4,21,14,0,17,21,0,'2013-02-25 23:13:23','2013-02-25 23:15:17',NULL),
	(263,9,3,12,4,21,21,0,18,19,0,'2013-02-25 23:13:15','2013-02-25 23:13:52',NULL),
	(264,13,8,12,4,21,21,0,18,12,0,'2013-02-25 23:13:19','2013-02-25 23:14:29',NULL),
	(265,5,-1,12,4,NULL,NULL,NULL,NULL,NULL,NULL,NULL,NULL,NULL),
	(266,1,10,13,1,NULL,NULL,NULL,NULL,NULL,NULL,'2013-02-25 23:19:45',NULL,7),
	(267,12,6,13,1,NULL,NULL,NULL,NULL,NULL,NULL,'2013-02-25 23:25:04',NULL,1),
	(268,11,7,13,1,NULL,NULL,NULL,NULL,NULL,NULL,'2013-02-25 23:25:07',NULL,2),
	(269,9,5,13,1,NULL,NULL,NULL,NULL,NULL,NULL,'2013-02-25 23:25:09',NULL,3),
	(270,4,3,13,1,NULL,NULL,NULL,NULL,NULL,NULL,'2013-02-25 23:25:12',NULL,4),
	(271,2,13,13,1,NULL,NULL,NULL,NULL,NULL,NULL,'2013-02-25 23:25:15',NULL,5),
	(272,8,-1,13,4,NULL,NULL,NULL,NULL,NULL,NULL,NULL,NULL,NULL),
	(273,84,95,2,4,21,21,0,12,12,0,'2013-02-25 23:25:20','2013-02-25 23:27:02',NULL),
	(274,96,94,2,4,21,21,0,10,10,0,'2013-02-25 23:25:26','2013-02-25 23:27:17',NULL),
	(275,93,91,2,4,21,21,0,10,10,0,'2013-02-25 23:26:16','2013-02-25 23:27:45',NULL),
	(276,92,90,2,4,21,21,0,20,20,0,'2013-02-25 23:33:56','2013-02-25 23:34:21',NULL),
	(277,89,87,2,4,21,20,0,20,21,0,'2013-02-25 23:32:19','2013-02-25 23:37:13',NULL),
	(278,88,85,2,4,21,21,0,10,10,0,'2013-02-25 23:26:11','2013-02-25 23:27:31',NULL),
	(279,86,97,2,4,21,10,0,10,21,0,'2013-02-25 23:36:43','2013-02-25 23:37:25',NULL),
	(280,107,114,5,4,12,21,0,21,11,0,'2013-02-25 23:25:48','2013-02-25 23:28:02',NULL),
	(281,117,113,5,4,3,21,0,21,4,0,'2013-02-25 23:25:59','2013-02-25 23:28:54',NULL),
	(282,116,110,5,4,21,19,0,13,21,0,'2013-02-25 23:26:11','2013-02-25 23:29:33',NULL),
	(283,115,109,5,4,14,21,0,21,19,0,'2013-02-25 23:26:17','2013-02-25 23:30:58',NULL),
	(284,112,108,5,4,21,17,0,18,21,0,'2013-02-25 23:26:36','2013-02-25 23:31:24',NULL),
	(285,111,118,5,4,21,11,0,13,21,0,'2013-02-25 23:29:42','2013-02-25 23:30:24',NULL),
	(286,99,101,2,4,21,10,0,10,21,0,'2013-02-25 23:29:58','2013-02-25 23:37:35',NULL),
	(287,100,102,2,4,15,19,0,21,21,0,'2013-02-25 23:32:01','2013-02-25 23:36:33',NULL),
	(288,103,105,2,4,21,10,0,10,21,0,'2013-02-25 23:36:48','2013-02-25 23:37:47',NULL),
	(289,104,106,2,4,21,19,0,19,21,0,'2013-02-25 23:28:47','2013-02-25 23:32:54',NULL),
	(290,107,113,6,4,21,21,0,16,13,0,'2013-02-25 23:32:44','2013-02-25 23:34:38',NULL),
	(291,117,114,6,4,21,13,0,17,21,0,'2013-02-25 23:32:49','2013-02-25 23:35:22',NULL),
	(292,116,109,6,4,21,18,0,12,21,0,'2013-02-25 23:32:53','2013-02-25 23:35:46',NULL),
	(293,115,110,6,4,21,16,0,13,21,0,'2013-02-25 23:32:57','2013-02-25 23:33:51',NULL),
	(294,112,118,6,4,21,14,0,13,21,0,'2013-02-25 23:33:04','2013-02-25 23:34:59',NULL),
	(295,111,108,6,4,21,21,0,18,19,0,'2013-02-25 23:33:11','2013-02-25 23:34:05',NULL),
	(296,107,112,7,0,NULL,NULL,NULL,NULL,NULL,NULL,NULL,NULL,NULL),
	(297,117,110,7,0,NULL,NULL,NULL,NULL,NULL,NULL,NULL,NULL,NULL),
	(298,116,114,7,0,NULL,NULL,NULL,NULL,NULL,NULL,NULL,NULL,NULL),
	(299,115,108,7,0,NULL,NULL,NULL,NULL,NULL,NULL,NULL,NULL,NULL),
	(300,113,118,7,0,NULL,NULL,NULL,NULL,NULL,NULL,NULL,NULL,NULL),
	(301,111,109,7,0,NULL,NULL,NULL,NULL,NULL,NULL,NULL,NULL,NULL),
	(302,84,94,3,0,NULL,NULL,NULL,NULL,NULL,NULL,NULL,NULL,NULL),
	(303,96,95,3,0,NULL,NULL,NULL,NULL,NULL,NULL,NULL,NULL,NULL),
	(304,93,89,3,0,NULL,NULL,NULL,NULL,NULL,NULL,NULL,NULL,NULL),
	(305,92,91,3,3,NULL,NULL,NULL,NULL,NULL,NULL,'2013-02-25 23:45:46','2013-02-26 00:07:57',NULL),
	(306,90,88,3,0,NULL,NULL,NULL,NULL,NULL,NULL,NULL,NULL,NULL),
	(307,87,97,3,0,NULL,NULL,NULL,NULL,NULL,NULL,NULL,NULL,NULL),
	(308,86,85,3,0,NULL,NULL,NULL,NULL,NULL,NULL,NULL,NULL,NULL),
	(309,99,102,3,3,NULL,NULL,NULL,NULL,NULL,NULL,'2013-02-25 23:45:29','2013-02-26 00:07:51',NULL),
	(310,100,101,3,1,NULL,NULL,NULL,NULL,NULL,NULL,'2013-02-25 23:45:36',NULL,8),
	(311,103,106,3,1,NULL,NULL,NULL,NULL,NULL,NULL,'2013-02-25 23:45:51',NULL,10),
	(312,104,105,3,0,NULL,NULL,NULL,NULL,NULL,NULL,NULL,NULL,NULL);

/*!40000 ALTER TABLE `match` ENABLE KEYS */;
UNLOCK TABLES;


# Dump of table monolog
# ------------------------------------------------------------

DROP TABLE IF EXISTS `monolog`;

CREATE TABLE `monolog` (
  `channel` varchar(255) DEFAULT NULL,
  `level` int(11) DEFAULT NULL,
  `message` longtext,
  `time` varchar(256) DEFAULT NULL
) ENGINE=InnoDB DEFAULT CHARSET=latin1;

LOCK TABLES `monolog` WRITE;
/*!40000 ALTER TABLE `monolog` DISABLE KEYS */;

INSERT INTO `monolog` (`channel`, `level`, `message`, `time`)
VALUES
	('ISBT',300,'[2013-02-25 22:09:01] ISBT.WARNING: New round started, but no new matches were generated because all different combinations of matches are already played... [] []\n','1361826541');

/*!40000 ALTER TABLE `monolog` ENABLE KEYS */;
UNLOCK TABLES;


# Dump of table poule
# ------------------------------------------------------------

DROP TABLE IF EXISTS `poule`;

CREATE TABLE `poule` (
  `id` int(11) unsigned NOT NULL AUTO_INCREMENT,
  `name` varchar(20) NOT NULL DEFAULT '',
  `round` int(11) NOT NULL,
  `category` int(11) NOT NULL,
  PRIMARY KEY (`id`)
) ENGINE=InnoDB AUTO_INCREMENT=13 DEFAULT CHARSET=utf8;

LOCK TABLES `poule` WRITE;
/*!40000 ALTER TABLE `poule` DISABLE KEYS */;

INSERT INTO `poule` (`id`, `name`, `round`, `category`)
VALUES
	(1,'1',13,1),
	(2,'2',6,2),
	(3,'3',7,3),
	(4,'4',3,4),
	(5,'5',0,5),
	(6,'6',0,6),
	(7,'7',0,7),
	(8,'8',3,8),
	(9,'9',3,9),
	(10,'10',5,10),
	(11,'11',3,11),
	(12,'12',7,12);

/*!40000 ALTER TABLE `poule` ENABLE KEYS */;
UNLOCK TABLES;


# Dump of table team
# ------------------------------------------------------------

DROP TABLE IF EXISTS `team`;

CREATE TABLE `team` (
  `id` int(11) unsigned NOT NULL AUTO_INCREMENT,
  `user1` int(11) NOT NULL,
  `user2` int(11) DEFAULT NULL,
  `poule` int(11) NOT NULL,
  `matches_played` int(11) NOT NULL,
  `matches_won` int(11) NOT NULL,
  `matches_lost` int(11) NOT NULL,
  `matches_draw` int(11) NOT NULL,
  `sets_won` int(11) NOT NULL,
  `sets_lost` int(11) NOT NULL,
  `points_won` int(11) NOT NULL,
  `points_lost` int(11) NOT NULL,
  `points_balance` int(11) NOT NULL,
  `average_sets_won` double NOT NULL,
  `IsInOperative` int(11) NOT NULL DEFAULT '0',
  PRIMARY KEY (`id`)
) ENGINE=InnoDB AUTO_INCREMENT=139 DEFAULT CHARSET=utf8;

LOCK TABLES `team` WRITE;
/*!40000 ALTER TABLE `team` DISABLE KEYS */;

INSERT INTO `team` (`id`, `user1`, `user2`, `poule`, `matches_played`, `matches_won`, `matches_lost`, `matches_draw`, `sets_won`, `sets_lost`, `points_won`, `points_lost`, `points_balance`, `average_sets_won`, `IsInOperative`)
VALUES
	(1,1,NULL,1,11,9,0,2,20,2,453,340,113,1.818181818,0),
	(2,2,NULL,1,11,1,6,4,6,16,350,441,-91,0.545454545,0),
	(3,3,NULL,1,11,5,4,2,12,10,396,396,0,1.09090909,0),
	(4,4,NULL,1,11,2,7,2,6,16,342,423,-81,0.545454545,0),
	(5,5,NULL,1,11,4,4,3,11,11,405,391,14,1,0),
	(6,6,NULL,1,11,6,3,2,14,8,408,360,48,1.272727272,0),
	(7,7,NULL,1,11,1,5,5,7,15,380,407,-27,0.636363636,0),
	(8,8,NULL,1,12,5,6,1,11,13,420,453,-33,0.916666666,0),
	(9,9,NULL,1,11,6,5,0,12,10,411,406,5,1.09090909,0),
	(10,10,NULL,1,11,6,3,2,14,8,418,348,70,1.272727272,0),
	(11,11,NULL,1,11,3,8,0,6,16,364,402,-38,0.545454545,0),
	(12,12,NULL,1,11,7,2,2,16,6,434,362,72,1.454545454,0),
	(13,13,NULL,1,11,4,6,1,9,13,366,418,-52,0.818181818,0),
	(15,14,15,2,5,4,1,0,8,2,201,160,41,1.6,0),
	(16,16,17,2,5,2,3,0,4,6,171,187,-16,0.8,0),
	(17,18,19,2,5,2,1,2,6,4,186,174,12,1.2,0),
	(18,20,21,2,5,2,1,2,6,4,187,182,5,1.2,0),
	(19,22,23,2,5,2,3,0,4,6,174,181,-7,0.8,0),
	(20,24,25,2,5,1,4,0,2,8,166,201,-35,0.4,0),
	(21,26,NULL,3,6,3,1,2,6,2,234,223,11,1,0),
	(22,27,NULL,3,6,0,4,2,0,9,104,276,-172,0,0),
	(23,28,NULL,3,6,3,1,2,3,3,160,142,18,0.5,0),
	(24,29,NULL,3,6,4,1,1,4,2,261,152,109,0.666666666,0),
	(25,30,NULL,3,6,1,1,4,6,6,204,151,53,1,0),
	(26,31,NULL,3,6,1,3,2,3,4,165,170,-5,0.5,0),
	(27,32,NULL,3,6,2,2,2,5,4,349,285,64,0.833333333,0),
	(28,33,NULL,3,6,1,2,3,4,2,173,231,-58,0.666666666,0),
	(29,34,NULL,3,6,0,3,3,2,8,71,193,-122,0.333333333,0),
	(30,35,NULL,3,6,3,2,1,7,5,335,286,49,1.166666666,0),
	(31,36,NULL,3,6,3,1,2,1,3,191,151,40,0.166666666,0),
	(32,37,NULL,3,6,1,4,1,0,8,104,198,-94,0,0),
	(33,38,NULL,3,6,0,1,5,4,2,115,182,-67,0.666666666,0),
	(34,39,NULL,3,6,2,2,2,6,6,190,154,36,1,0),
	(35,40,NULL,3,6,3,1,2,8,4,247,100,147,1.333333333,0),
	(36,41,NULL,3,6,3,1,2,8,4,325,334,-9,1.333333333,0),
	(37,42,43,4,2,2,0,0,4,0,84,22,62,2,0),
	(38,44,45,4,2,1,1,0,2,2,48,69,-21,1,0),
	(39,46,47,4,2,1,1,0,2,2,69,68,1,1,0),
	(40,48,49,4,2,1,1,0,2,2,68,49,19,1,0),
	(41,50,51,4,2,0,1,1,1,3,40,65,-25,0.5,0),
	(42,52,52,4,2,1,0,1,3,1,65,37,28,1.5,0),
	(43,54,53,4,2,0,1,1,1,3,124,121,3,0.5,0),
	(44,56,55,4,1,0,0,1,1,1,79,120,-41,1,0),
	(45,58,57,4,1,0,1,0,0,2,16,42,-26,0,0),
	(46,1,26,5,0,0,0,0,0,0,0,0,0,0,0),
	(47,2,27,5,0,0,0,0,0,0,0,0,0,0,0),
	(48,3,28,5,0,0,0,0,0,0,0,0,0,0,0),
	(49,4,29,5,0,0,0,0,0,0,0,0,0,0,0),
	(50,5,30,5,0,0,0,0,0,0,0,0,0,0,0),
	(51,6,31,5,0,0,0,0,0,0,0,0,0,0,0),
	(52,59,NULL,6,0,0,0,0,0,0,0,0,0,0,0),
	(53,60,NULL,6,0,0,0,0,0,0,0,0,0,0,0),
	(54,61,NULL,6,0,0,0,0,0,0,0,0,0,0,0),
	(55,62,NULL,6,0,0,0,0,0,0,0,0,0,0,0),
	(56,63,NULL,6,0,0,0,0,0,0,0,0,0,0,0),
	(57,64,NULL,6,0,0,0,0,0,0,0,0,0,0,0),
	(58,65,NULL,6,0,0,0,0,0,0,0,0,0,0,0),
	(59,66,NULL,6,0,0,0,0,0,0,0,0,0,0,0),
	(60,67,NULL,6,0,0,0,0,0,0,0,0,0,0,0),
	(61,68,NULL,6,0,0,0,0,0,0,0,0,0,0,0),
	(62,69,NULL,6,0,0,0,0,0,0,0,0,0,0,0),
	(63,70,NULL,6,0,0,0,0,0,0,0,0,0,0,0),
	(64,71,NULL,6,0,0,0,0,0,0,0,0,0,0,0),
	(65,72,NULL,6,0,0,0,0,0,0,0,0,0,0,0),
	(66,73,NULL,6,0,0,0,0,0,0,0,0,0,0,0),
	(67,74,NULL,6,0,0,0,0,0,0,0,0,0,0,0),
	(68,59,69,7,0,0,0,0,0,0,0,0,0,0,0),
	(69,60,70,7,0,0,0,0,0,0,0,0,0,0,0),
	(70,61,71,7,0,0,0,0,0,0,0,0,0,0,0),
	(71,62,72,7,0,0,0,0,0,0,0,0,0,0,0),
	(72,63,73,7,0,0,0,0,0,0,0,0,0,0,0),
	(73,64,74,7,0,0,0,0,0,0,0,0,0,0,0),
	(74,65,75,7,0,0,0,0,0,0,0,0,0,0,0),
	(75,66,76,7,0,0,0,0,0,0,0,0,0,0,0),
	(76,67,77,7,0,0,0,0,0,0,0,0,0,0,0),
	(77,68,78,7,0,0,0,0,0,0,0,0,0,0,0),
	(84,85,NULL,8,2,2,0,0,4,0,84,44,40,2,0),
	(85,86,NULL,8,2,0,1,1,1,3,53,75,-22,0.5,0),
	(86,87,NULL,8,2,0,0,2,2,2,64,64,0,1,0),
	(87,88,NULL,8,2,0,0,2,2,2,74,74,0,1,0),
	(88,89,NULL,8,2,1,1,0,2,2,80,62,18,1,0),
	(89,90,NULL,8,2,1,0,1,3,1,83,79,4,1.5,0),
	(90,91,NULL,8,2,0,1,1,1,3,73,75,-2,0.5,0),
	(91,92,NULL,8,2,0,1,1,1,3,53,75,-22,0.5,0),
	(92,93,NULL,8,2,1,0,1,3,1,75,79,-4,1.5,0),
	(93,94,NULL,8,2,1,0,1,3,1,81,53,28,1.5,0),
	(94,95,NULL,8,2,0,2,0,0,4,58,84,-26,0,0),
	(95,96,NULL,8,2,1,1,0,2,2,66,80,-14,1,0),
	(96,97,NULL,8,2,1,1,0,2,2,62,62,0,1,0),
	(97,98,NULL,8,2,0,0,2,2,2,64,64,0,1,0),
	(99,98,99,9,2,1,0,1,3,1,73,33,40,1.5,0),
	(100,97,100,9,2,0,2,0,0,4,36,84,-48,0,0),
	(101,96,101,9,2,0,1,1,1,3,61,73,-12,0.5,0),
	(102,95,102,9,2,2,0,0,4,0,84,64,20,2,0),
	(103,94,103,9,2,1,0,1,3,1,73,51,22,1.5,0),
	(104,93,104,9,2,0,1,1,1,3,60,82,-22,0.5,0),
	(105,92,105,9,2,1,0,1,3,1,73,60,13,1.5,0),
	(106,91,106,9,2,0,1,1,1,3,69,82,-13,0.5,0),
	(107,107,NULL,12,5,1,1,3,5,5,173,171,2,1,0),
	(108,108,NULL,12,5,1,2,2,4,6,191,193,-2,0.8,0),
	(109,109,NULL,12,5,0,1,4,4,6,164,190,-26,0.8,0),
	(110,110,NULL,12,5,1,2,2,4,6,159,179,-20,0.8,0),
	(111,111,NULL,12,5,1,0,4,6,4,157,147,10,1.2,0),
	(112,112,NULL,12,5,1,0,4,6,4,177,168,9,1.2,0),
	(113,113,NULL,12,5,0,2,3,3,7,137,158,-21,0.6,0),
	(114,114,NULL,12,5,0,0,5,5,5,154,158,-4,1,0),
	(115,115,NULL,12,5,2,0,3,7,3,190,147,43,1.4,0),
	(116,116,NULL,12,5,2,1,2,6,4,193,151,42,1.2,0),
	(117,117,NULL,12,5,0,2,3,3,7,113,181,-68,0.6,0),
	(118,118,NULL,12,5,2,0,3,7,3,187,152,35,1.4,0),
	(119,119,NULL,11,2,1,0,1,2,0,42,38,4,1,0),
	(120,120,NULL,11,2,1,0,1,0,0,42,28,14,0,0),
	(121,121,NULL,11,2,0,0,2,1,0,33,40,-7,0.5,0),
	(122,122,NULL,11,2,0,0,2,1,0,40,33,7,0.5,0),
	(123,123,NULL,11,2,0,0,2,0,1,30,30,0,0,0),
	(124,124,NULL,11,2,0,0,2,0,1,30,30,0,0,0),
	(125,125,NULL,11,2,1,0,1,2,0,42,38,4,1,0),
	(126,126,NULL,11,2,0,1,1,0,0,38,42,-4,0,0),
	(127,127,NULL,11,2,1,0,1,0,0,42,36,6,0,0),
	(128,128,NULL,11,2,0,1,1,0,2,28,42,-14,0,0),
	(129,129,NULL,11,2,0,1,1,0,0,38,42,-4,0,0),
	(130,130,NULL,11,2,0,1,1,0,0,38,42,-4,0,0),
	(131,131,NULL,11,2,1,0,1,0,0,42,40,2,0,0),
	(132,132,NULL,11,2,0,1,1,0,2,40,42,-2,0,0),
	(133,133,NULL,11,2,1,0,1,2,0,42,18,24,1,0),
	(134,134,NULL,11,2,0,1,1,0,0,18,42,-24,0,0),
	(135,135,NULL,11,2,1,0,1,0,0,42,20,22,0,0),
	(136,136,NULL,11,2,0,1,1,0,2,20,42,-22,0,0),
	(137,137,NULL,11,2,1,0,1,2,0,42,38,4,1,0),
	(138,138,NULL,11,2,0,1,1,0,2,36,42,-6,0,0);

/*!40000 ALTER TABLE `team` ENABLE KEYS */;
UNLOCK TABLES;


# Dump of table user
# ------------------------------------------------------------

DROP TABLE IF EXISTS `user`;

CREATE TABLE `user` (
  `id` int(11) unsigned NOT NULL AUTO_INCREMENT,
  `name` varchar(255) NOT NULL DEFAULT '',
  `club` varchar(255) DEFAULT NULL,
  `postponed` int(1) NOT NULL,
  `email` varchar(255) DEFAULT NULL,
  `veggie` int(1) NOT NULL,
  `arrival_on_friday` int(1) NOT NULL,
  `diner_on_sunday` int(1) NOT NULL,
  PRIMARY KEY (`id`)
) ENGINE=InnoDB AUTO_INCREMENT=139 DEFAULT CHARSET=utf8;

LOCK TABLES `user` WRITE;
/*!40000 ALTER TABLE `user` DISABLE KEYS */;

INSERT INTO `user` (`id`, `name`, `club`, `postponed`, `email`, `veggie`, `arrival_on_friday`, `diner_on_sunday`)
VALUES
	(1,'Stanneke',NULL,0,NULL,0,0,1),
	(2,'Charlotte',NULL,0,NULL,0,0,1),
	(3,'Annemarie',NULL,0,NULL,0,0,0),
	(4,'Tess',NULL,0,NULL,0,0,1),
	(5,'Moniek',NULL,0,NULL,1,0,0),
	(6,'Mieke',NULL,0,NULL,0,0,0),
	(7,'Katrien',NULL,0,NULL,0,0,0),
	(8,'Christa',NULL,0,NULL,1,0,0),
	(9,'Lianne',NULL,0,NULL,1,0,1),
	(10,'Anouk',NULL,0,NULL,1,0,1),
	(11,'Ursula',NULL,0,NULL,0,0,0),
	(12,'Wendy',NULL,0,NULL,1,0,0),
	(13,'Erica',NULL,0,NULL,1,0,1),
	(14,'Hilde',NULL,0,NULL,0,0,0),
	(15,'Sandra',NULL,0,NULL,0,1,1),
	(16,'Yvonne',NULL,0,NULL,0,0,0),
	(17,'Paula',NULL,0,NULL,1,0,0),
	(18,'Judy',NULL,0,NULL,0,0,0),
	(19,'Floortje',NULL,0,NULL,0,0,1),
	(20,'Berdien',NULL,0,NULL,0,0,1),
	(21,'Rene',NULL,0,NULL,0,0,0),
	(22,'Manon',NULL,0,NULL,0,0,0),
	(23,'Suus',NULL,0,NULL,0,1,1),
	(24,'Tessa',NULL,0,NULL,1,0,0),
	(25,'Hanneke',NULL,0,NULL,1,0,1),
	(26,'Bart',NULL,1,NULL,1,0,0),
	(27,'Gerben',NULL,0,NULL,0,0,0),
	(28,'Sylvain',NULL,0,NULL,1,0,0),
	(29,'Appie',NULL,0,NULL,0,1,0),
	(30,'Piet-Hein',NULL,0,NULL,0,0,0),
	(31,'Peter',NULL,0,NULL,1,0,1),
	(32,'Rutger',NULL,0,NULL,1,0,1),
	(33,'Joachim',NULL,0,NULL,0,0,0),
	(34,'Rawa Ismael',NULL,0,NULL,0,0,0),
	(35,'Niek',NULL,0,NULL,0,1,0),
	(36,'Dave',NULL,0,NULL,0,0,1),
	(37,'Frank',NULL,0,NULL,1,0,1),
	(38,'Harry',NULL,0,NULL,0,0,0),
	(39,'Dennis',NULL,0,NULL,0,1,0),
	(40,'Jeroen',NULL,0,NULL,0,0,0),
	(41,'Arjan',NULL,0,NULL,0,0,0),
	(42,'Tijn',NULL,0,NULL,0,0,0),
	(43,'Tristan',NULL,1,NULL,0,0,1),
	(44,'Wanno',NULL,0,NULL,0,0,1),
	(45,'Jurjen',NULL,1,NULL,0,0,0),
	(46,'Jeroen',NULL,0,NULL,0,1,0),
	(47,'Vincent',NULL,0,NULL,0,0,0),
	(48,'Michiel',NULL,0,NULL,0,0,0),
	(49,'Eric',NULL,0,NULL,0,0,0),
	(50,'Karl',NULL,0,NULL,0,0,0),
	(51,'Erik',NULL,0,NULL,0,1,1),
	(52,'Raymond',NULL,0,NULL,0,0,1),
	(53,'Wietse',NULL,0,NULL,0,1,0),
	(54,'Quinten',NULL,0,NULL,0,0,1),
	(55,'Chris',NULL,0,NULL,0,0,0),
	(56,'Martin',NULL,0,NULL,0,0,0),
	(57,'Wouter',NULL,1,NULL,0,0,0),
	(58,'Timo',NULL,1,NULL,0,0,0),
	(59,'xStanneke',NULL,0,NULL,0,0,1),
	(60,'xCharlotte',NULL,0,NULL,0,0,1),
	(61,'xAnnemarie',NULL,0,NULL,0,0,0),
	(62,'xTess',NULL,0,NULL,0,0,1),
	(63,'xMoniek',NULL,0,NULL,1,0,0),
	(64,'xMieke',NULL,0,NULL,0,0,0),
	(65,'xKatrien',NULL,0,NULL,0,0,0),
	(66,'xChrista',NULL,0,NULL,1,0,0),
	(67,'xLianne',NULL,0,NULL,1,0,1),
	(68,'xAnouk',NULL,0,NULL,1,0,1),
	(69,'xUrsula',NULL,0,NULL,0,0,0),
	(70,'xWendy',NULL,0,NULL,1,0,0),
	(71,'xErica',NULL,0,NULL,1,0,1),
	(72,'xHilde',NULL,0,NULL,0,0,0),
	(73,'xSandra',NULL,0,NULL,0,1,1),
	(74,'xYvonne',NULL,0,NULL,0,0,0),
	(75,'xPaula',NULL,0,NULL,1,0,0),
	(76,'xJudy',NULL,0,NULL,0,0,0),
	(77,'xFloortje',NULL,0,NULL,0,0,1),
	(78,'xBerdien',NULL,0,NULL,0,0,1),
	(85,'oBart',NULL,0,NULL,1,0,0),
	(86,'oGerben',NULL,0,NULL,0,0,0),
	(87,'oSylvain',NULL,0,NULL,1,0,0),
	(88,'oAppie',NULL,0,NULL,0,1,0),
	(89,'oPiet-Hein',NULL,0,NULL,0,0,0),
	(90,'oPeter',NULL,0,NULL,1,0,1),
	(91,'oRutger',NULL,0,NULL,1,0,1),
	(92,'oJoachim',NULL,0,NULL,0,0,0),
	(93,'oRawa Ismael',NULL,0,NULL,0,0,0),
	(94,'oNiek',NULL,0,NULL,0,1,0),
	(95,'oDave',NULL,0,NULL,0,0,1),
	(96,'oFrank',NULL,0,NULL,1,0,1),
	(97,'oHarry',NULL,0,NULL,0,0,0),
	(98,'oDennis',NULL,0,NULL,0,1,0),
	(99,'oJeroen',NULL,0,NULL,0,0,0),
	(100,'oArjan',NULL,0,NULL,0,0,0),
	(101,'oTijn',NULL,0,NULL,0,0,0),
	(102,'oTristan',NULL,0,NULL,0,0,1),
	(103,'oWanno',NULL,0,NULL,0,0,1),
	(104,'oJurjen',NULL,0,NULL,0,0,0),
	(105,'oJeroen',NULL,0,NULL,0,1,0),
	(106,'oVincent',NULL,0,NULL,0,0,0),
	(107,'Lian',NULL,0,NULL,0,0,0),
	(108,'Lenneke',NULL,0,NULL,0,0,0),
	(109,'Petra',NULL,0,NULL,0,0,0),
	(110,'Vera',NULL,0,NULL,0,0,0),
	(111,'Maria',NULL,0,NULL,0,0,0),
	(112,'Magda',NULL,0,NULL,0,0,0),
	(113,'Evi',NULL,0,NULL,0,0,0),
	(114,'Meike',NULL,0,NULL,0,0,0),
	(115,'Loes',NULL,0,NULL,0,0,0),
	(116,'Anneloes',NULL,0,NULL,0,0,0),
	(117,'Lea',NULL,0,NULL,0,0,0),
	(118,'Lies',NULL,0,NULL,0,0,0),
	(119,'a1',NULL,0,NULL,0,0,0),
	(120,'a2',NULL,0,NULL,0,0,0),
	(121,'a3',NULL,0,NULL,0,0,0),
	(122,'a4',NULL,0,NULL,0,0,0),
	(123,'a5',NULL,0,NULL,0,0,0),
	(124,'a6',NULL,0,NULL,0,0,0),
	(125,'a7',NULL,0,NULL,0,0,0),
	(126,'a8',NULL,0,NULL,0,0,0),
	(127,'a9',NULL,0,NULL,0,0,0),
	(128,'a10',NULL,0,NULL,0,0,0),
	(129,'a11',NULL,0,NULL,0,0,0),
	(130,'a12',NULL,0,NULL,0,0,0),
	(131,'a13',NULL,0,NULL,0,0,0),
	(132,'a14',NULL,0,NULL,0,0,0),
	(133,'a15',NULL,0,NULL,0,0,0),
	(134,'a16',NULL,0,NULL,0,0,0),
	(135,'a17',NULL,0,NULL,0,0,0),
	(136,'a18',NULL,0,NULL,0,0,0),
	(137,'a19',NULL,0,NULL,0,0,0),
	(138,'a20',NULL,0,NULL,0,0,0);

/*!40000 ALTER TABLE `user` ENABLE KEYS */;
UNLOCK TABLES;



/*!40111 SET SQL_NOTES=@OLD_SQL_NOTES */;
/*!40101 SET SQL_MODE=@OLD_SQL_MODE */;
/*!40014 SET FOREIGN_KEY_CHECKS=@OLD_FOREIGN_KEY_CHECKS */;
/*!40101 SET CHARACTER_SET_CLIENT=@OLD_CHARACTER_SET_CLIENT */;
/*!40101 SET CHARACTER_SET_RESULTS=@OLD_CHARACTER_SET_RESULTS */;
/*!40101 SET COLLATION_CONNECTION=@OLD_COLLATION_CONNECTION */;
